agent_id;episode;step;action;reward;hasTreasure;enemyVisible;enemyInRange;treasureOnMap;distTreasure;distEnemy;distBase;health
-1320;3;1401;4;60,19791;0;1;1;0;1;0,01441086;0,009166666;0,2
-1320;3;1402;4;60,19691;0;1;1;0;1;0,01441086;0,009166666;0,2
-1320;3;1403;4;60,19591;0;1;1;0;1;0,01441086;0,009166666;0,2
-1320;3;1404;4;60,19491;0;1;1;0;1;0,01441086;0,009166666;0,2
-1320;3;1405;1;60,19391;0;1;1;0;1;0,01441086;0,009166666;0,1
-1320;3;1406;1;60,19291;0;1;1;0;1;0,01441086;0,009166666;0,1
-1320;3;1407;1;60,19191;0;1;1;0;1;0,01441086;0,009166666;0,1
-1320;3;1408;1;60,19091;0;1;1;0;1;0,01441086;0,009166666;0,1
-1320;3;1409;1;60,18991;0;1;1;0;1;0,01441086;0,009166666;0,1
-1320;3;1410;2;60,18892;0;1;1;0;1;0,01441086;0,009166666;0,1
-1320;3;1411;2;60,18792;0;1;1;0;1;0,01441086;0,009166666;0,1
-1320;3;1412;2;60,18692;0;1;1;0;1;0,01441086;0,009166666;0,1
-1320;3;1413;2;60,18592;0;1;1;0;1;0,01441086;0,009166666;0,1
-1320;3;1414;2;60,18492;0;1;1;0;1;0,01441086;0,009166666;0,1
-1320;3;1415;4;60,18392;0;1;1;0;1;0,01441086;0,009166666;0,1
-1320;3;1416;4;60,18292;0;1;1;0;1;0,01441086;0,009166666;0,1
-1320;3;1417;4;60,18192;0;1;1;0;1;0,01441086;0,009166666;0,1
-1320;3;1418;4;60,18092;0;1;1;0;1;0,01441086;0,009166666;0,1
-1320;3;1419;4;60,17992;0;1;1;0;1;0,01441086;0,009166666;0,1
-1320;3;1420;4;60,17892;0;1;1;0;1;0,01441086;0,009166666;0,1
-1320;3;1421;4;60,17792;0;1;1;0;1;0,01441086;0,009166666;0,1
-1320;3;1422;4;60,17692;0;1;1;0;1;0,01441086;0,009166666;0,1
-1320;3;1423;4;60,17592;0;1;1;0;1;0,01441086;0,009166666;0,1
-1320;3;1424;4;60,17492;0;1;1;0;1;0,01441086;0,009166666;0,1
-1320;3;1425;4;60,17392;0;1;1;0;1;0,01441086;0,009166666;0,1
-1320;3;1426;4;60,17292;0;1;1;0;1;0,01441086;0,009166666;0,1
-1320;3;1427;4;60,17192;0;1;1;0;1;0,01441086;0,009166666;0,1
-1320;3;1428;4;60,17093;0;1;1;0;1;0,01441086;0,009166666;0,1
-1320;3;1429;4;60,16993;0;1;1;0;1;0,01441086;0,009166666;0,1
-1320;3;1430;4;60,16893;0;1;1;0;1;0,01441086;0,009166666;0,1
-1320;3;1431;4;60,16793;0;1;1;0;1;0,01441086;0,009166666;0,1
-1320;3;1432;4;60,16693;0;1;1;0;1;0,01441086;0,009166666;0,1
-1320;3;1433;4;60,16593;0;1;1;0;1;0,01441086;0,009166666;0,1
-1320;3;1434;4;60,16493;0;1;1;0;1;0,01441086;0,009166666;0,1
-1320;3;1435;4;60,16393;0;1;1;0;1;0,01441086;0,009166666;0,1
-1320;3;1436;4;60,16293;0;1;1;0;1;0,01441086;0,009166666;0,1
-1320;3;1437;4;60,16193;0;1;1;0;1;0,01441086;0,009166666;0,1
-1320;3;1438;4;60,16093;0;1;1;0;1;0,01441086;0,009166666;0,1
-1320;3;1439;4;60,15993;0;1;1;0;1;0,01441086;0,009166666;0,1
-1320;3;1440;4;60,20893;0;1;1;0;1;0,01441086;0,009166666;0,1
-1320;3;1441;4;60,20793;0;1;1;0;1;0,01441086;0,009166666;0,1
-1320;3;1442;4;60,20693;0;1;1;0;1;0,01441086;0,009166666;0,1
-1320;3;1443;4;60,20593;0;1;1;0;1;0,01441086;0,009166666;0,1
-1320;3;1444;4;60,20493;0;1;1;0;1;0,01441086;0,009166666;0,1
-1320;3;1445;4;60,20393;0;1;1;0;1;0,01441086;0,009166666;0,1
-1320;3;1446;4;60,20293;0;1;1;0;1;0,01441086;0,009166666;0,1
-1320;3;1447;4;60,20193;0;1;1;0;1;0,01441086;0,009166666;0,1
-1320;3;1448;4;60,20094;0;1;1;0;1;0,01441086;0,009166666;0,1
-1320;3;1449;4;60,19994;0;1;1;0;1;0,01441086;0,009166666;0,1
-1320;3;1450;4;60,19894;0;1;1;0;1;0,01441086;0,009166666;0,1
-1320;3;1451;4;60,19794;0;1;1;0;1;0,01441086;0,009166666;0,1
-1320;3;1452;4;60,19694;0;1;1;0;1;0,01441086;0,009166666;0,1
-1320;3;1453;4;60,19594;0;1;1;0;1;0,01441086;0,009166666;0,1
-1320;3;1454;4;60,19494;0;1;1;0;1;0,01441086;0,009166666;0,1
-1320;4;0;1;-0,001;0;0;0;1;0,4165497;1;0,05462626;1
-1320;4;1;1;-0,002;0;0;0;1;0,4165355;1;0,05463894;1
-1320;4;2;1;-0,003;0;0;0;1;0,4164902;1;0,05467948;1
-1320;4;3;1;-0,004;0;0;0;1;0,4164056;1;0,05475526;1
-1320;4;4;1;-0,005;0;0;0;1;0,4162968;1;0,05485268;1
-1320;4;5;1;-0,006000001;0;0;0;1;0,4161569;1;0,05497808;1
-1320;4;6;1;-0,007000001;0;0;0;1;0,4159769;1;0,05513937;1
-1320;4;7;1;-0,008;0;0;0;1;0,4157582;1;0,05533562;1
-1320;4;8;1;-0,009000001;0;0;0;1;0,415515;1;0,05555407;1
-1320;4;9;1;-0,01;0;0;0;1;0,4152501;1;0,0557922;1
-1320;4;10;1;-0,011;0;0;0;1;0,414948;1;0,05606411;1
-1320;4;11;1;-0,012;0;0;0;1;0,4146209;1;0,05635878;1
-1320;4;12;1;-0,013;0;0;0;1;0,4142492;1;0,05669414;1
-1320;4;13;1;-0,014;0;0;0;1;0,4138615;1;0,05704435;1
-1320;4;14;1;-0,015;0;0;0;1;0,413449;1;0,05741759;1
-1320;4;15;1;-0,016;0;0;0;1;0,4129611;1;0,0578597;1
-1320;4;16;1;-0,017;0;0;0;1;0,4124745;1;0,0583013;1
-1320;4;17;1;-0,018;0;0;0;1;0,4119557;1;0,05877304;1
-1320;4;18;1;-0,019;0;0;0;1;0,4114106;1;0,05926945;1
-1320;4;19;1;-0,02;0;0;0;1;0,4107585;1;0,05986437;1
-1320;4;20;1;-0,021;0;0;0;1;0,4101401;1;0,06042968;1
-1320;4;21;1;-0,022;0;0;0;1;0,4094993;1;0,06101658;1
-1320;4;22;1;-0,023;0;0;0;1;0,408826;1;0,06163433;1
-1320;4;23;1;-0,024;0;0;0;1;0,4081302;1;0,06227401;1
-1320;4;24;4;-0,025;0;0;0;1;0,4074261;1;0,06292251;1
-1320;4;25;4;-0,026;0;0;0;1;0,4067294;1;0,06356537;1
-1320;4;26;4;-0,027;0;0;0;1;0,4060344;1;0,06420782;1
-1320;4;27;4;-0,028;0;0;0;1;0,4053613;1;0,06483099;1
-1320;4;28;4;-0,029;0;0;0;1;0,4046308;1;0,06550851;1
-1320;4;29;1;-0,03;0;0;0;1;0,4039377;1;0,06615227;1
-1320;4;30;1;-0,031;0;0;0;1;0,403241;1;0,0668004;1
-1320;4;31;1;-0,032;0;0;0;1;0,4025543;1;0,06744027;1
-1320;4;32;1;-0,033;0;0;0;1;0,4018708;1;0,06807795;1
-1320;4;33;1;-0,034;0;0;0;1;0,4010959;1;0,06880205;1
-1320;4;34;4;-0,035;0;0;0;1;0,4004228;1;0,06943193;1
-1320;4;35;4;-0,03599999;0;0;0;1;0,3997433;1;0,07006859;1
-1320;4;36;4;-0,03699999;0;0;0;1;0,399024;1;0,07074345;1
-1320;4;37;4;-0,03799999;0;0;0;1;0,3983507;1;0,07137582;1
-1320;4;38;4;-0,03899999;0;0;0;1;0,3976481;1;0,07203662;1
-1320;4;39;1;-0,03999999;0;0;0;1;0,3968726;1;0,07276682;1
-1320;4;40;1;-0,04099999;0;0;0;1;0,396269;1;0,07333591;1
-1320;4;41;1;-0,04199998;0;0;0;1;0,3954744;1;0,07408573;1
-1320;4;42;1;-0,04299998;0;0;0;1;0,394774;1;0,0747475;1
-1320;4;43;1;-0,04399998;0;0;0;1;0,3941697;1;0,07531907;1
-1320;4;44;1;-0,04499998;0;0;0;1;0,3933957;1;0,07605185;1
-1320;4;45;1;-0,04599998;0;0;0;1;0,3927604;1;0,0766539;1
-1320;4;46;1;-0,04699998;0;0;0;1;0,3920732;1;0,07730573;1
-1320;4;47;1;-0,04799997;0;0;0;1;0,3913008;1;0,0780392;1
-1320;4;48;1;-0,04899997;0;0;0;1;0,3906271;1;0,07867949;1
-1320;4;49;1;-0,04999997;0;0;0;1;0,3899567;1;0,07931724;1
-1320;4;50;1;-0,05099997;0;0;0;1;0,3892476;1;0,07999228;1
-1320;4;51;1;-0,05199997;0;0;0;1;0,3885568;1;0,08065057;1
-1320;4;52;1;-0,05299997;0;0;0;1;0,3878422;1;0,08133207;1
-1320;4;53;1;-0,05399996;0;0;0;1;0,3871506;1;0,08199214;1
-1320;4;54;1;-0,05499996;0;0;0;1;0,3864501;1;0,08266129;1
-1320;4;55;1;-0,05599996;0;0;0;1;0,385763;1;0,08331802;1
-1320;4;56;1;-0,05699996;0;0;0;1;0,3849866;1;0,08406086;1
-1320;4;57;1;-0,05799996;0;0;0;1;0,3843152;1;0,08470366;1
-1320;4;58;1;-0,05899996;0;0;0;1;0,3836035;1;0,08538558;1
-1320;4;59;4;-0,05999995;0;0;0;1;0,3829105;1;0,08604994;1
-1320;4;60;4;-0,06099995;0;0;0;1;0,3822121;1;0,08672003;1
-1320;4;61;4;-0,06199995;0;0;0;1;0,38154;1;0,08736524;1
-1320;4;62;4;-0,06299995;0;0;0;1;0,3808614;1;0,08801715;1
-1320;4;63;4;-0,06399995;0;0;0;1;0,3800943;1;0,08875456;1
-1320;4;64;4;-0,06499995;0;0;0;1;0,3794042;1;0,08941834;1
-1320;4;65;4;-0,06599995;0;0;0;1;0,3786857;1;0,09010987;1
-1320;4;66;4;-0,06699996;0;0;0;1;0,3780133;1;0,09075741;1
-1320;4;67;4;-0,06799996;0;0;0;1;0,3773285;1;0,09141729;1
-1320;4;68;4;-0,06899996;0;0;0;1;0,3766575;1;0,09206423;1
-1320;4;69;1;-0,06999996;0;0;0;1;0,3758802;1;0,09281408;1
-1320;4;70;1;-0,07099997;0;0;0;1;0,3751825;1;0,09348746;1
-1320;4;71;1;-0,07199997;0;0;0;1;0,3745176;1;0,09412964;1
-1320;4;72;1;-0,07299997;0;0;0;1;0,3738414;1;0,09478287;1
-1320;4;73;1;-0,07399997;0;0;0;1;0,3731509;1;0,09545036;1
-1320;4;74;1;-0,07499997;0;0;0;1;0,3723858;1;0,09619041;1
-1320;4;75;1;-0,07599998;0;0;0;1;0,3717678;1;0,09678841;1
-1320;4;76;1;-0,07699998;0;0;0;1;0,3709951;1;0,09753644;1
-1320;4;77;1;-0,07799998;0;0;0;1;0,3703042;1;0,0982056;1
-1320;4;78;1;-0,07899998;0;0;0;1;0,3695917;1;0,09889597;1
-1320;4;79;1;-0,07999998;0;0;0;1;0,3689143;1;0,09955269;1
-1320;4;80;1;-0,08099999;0;0;0;1;0,368214;1;0,1002319;1
-1320;4;81;1;-0,08199999;0;0;0;1;0,3675369;1;0,1008889;1
-1320;4;82;1;-0,08299999;0;0;0;1;0,3668318;1;0,1015733;1
-1320;4;83;1;-0,08399999;0;0;0;1;0,3661589;1;0,1022267;1
-1320;4;84;1;-0,08499999;0;0;0;1;0,365391;1;0,1029726;1
-1320;4;85;1;-0,086;0;0;0;1;0,3647006;1;0,1036437;1
-1320;4;86;1;-0,087;0;0;0;1;0,3639902;1;0,1043343;1
-1320;4;87;1;-0,088;0;0;0;1;0,3633149;1;0,1049911;1
-1320;4;88;1;-0,089;0;0;0;1;0,3626461;1;0,1056417;1
-1320;4;89;1;-0,09;0;0;0;1;0,3619536;1;0,1063158;1
-1320;4;90;1;-0,09100001;0;0;0;1;0,3612615;1;0,1069896;1
-1320;4;91;1;-0,09200001;0;0;0;1;0,3605601;1;0,1076728;1
-1320;4;92;1;-0,09300001;0;0;0;1;0,3598635;1;0,1083515;1
-1320;4;93;1;-0,09400001;0;0;0;1;0,359172;1;0,1090254;1
-1320;4;94;1;-0,09500001;0;0;0;1;0,3584095;1;0,1097687;1
-1320;4;95;1;-0,09600002;0;0;0;1;0,357722;1;0,1104393;1
-1320;4;96;1;-0,09700002;0;0;0;1;0,3570325;1;0,111112;1
-1320;4;97;1;-0,09800002;0;0;0;1;0,3563597;1;0,1117685;1
-1320;4;98;1;-0,09900002;0;0;0;1;0,3556629;1;0,1124487;1
-1320;4;99;1;-0,1;0;0;0;1;0,3549599;1;0,1131351;1
-1320;4;100;1;-0,101;0;0;0;1;0,3542147;1;0,1138631;1
-1320;4;101;1;-0,102;0;0;0;1;0,3535396;1;0,1145227;1
-1320;4;102;1;-0,103;0;0;0;1;0,3528723;1;0,1151748;1
-1320;4;103;1;-0,104;0;0;0;1;0,3520866;1;0,115943;1
-1320;4;104;4;-0,105;0;0;0;1;0,3514091;1;0,1166055;1
-1320;4;105;4;-0,106;0;0;0;1;0,3506804;1;0,1173182;1
-1320;4;106;4;-0,107;0;0;0;1;0,3499941;1;0,1179897;1
-1320;4;107;4;-0,108;0;0;0;1;0,3493193;1;0,1186501;1
-1320;4;108;4;-0,109;0;0;0;1;0,3486301;1;0,1193247;1
-1320;4;109;1;-0,11;0;0;0;1;0,3479387;1;0,1200017;1
-1320;4;110;1;-0,111;0;0;0;1;0,3472519;1;0,1206744;1
-1320;4;111;1;-0,112;0;0;0;1;0,3465391;1;0,1213727;1
-1320;4;112;1;-0,1130001;0;0;0;1;0,3458689;1;0,1220293;1
-1320;4;113;1;-0,1140001;0;0;0;1;0,3451466;1;0,1227372;1
-1320;4;114;4;-0,1150001;0;0;0;1;0,3444717;1;0,1233989;1
-1320;4;115;4;-0,1160001;0;0;0;1;0,3437667;1;0,12409;1
-1320;4;116;4;-0,1170001;0;0;0;1;0,3430834;1;0,1247602;1
-1320;4;117;4;-0,1180001;0;0;0;1;0,3422901;1;0,1255384;1
-1320;4;118;4;-0,1190001;0;0;0;1;0,3415915;1;0,1262238;1
-1320;4;119;1;-0,1200001;0;0;0;1;0,34091;1;0,1268927;1
-1320;4;120;1;-0,1210001;0;0;0;1;0,3402078;1;0,1275819;1
-1320;4;121;1;-0,1220001;0;0;0;1;0,3395279;1;0,1282495;1
-1320;4;122;1;-0,1230001;0;0;0;1;0,3388307;1;0,1289341;1
-1320;4;123;1;-0,1240001;0;0;0;1;0,3381223;1;0,1296299;1
-1320;4;124;1;-0,1250001;0;0;0;1;0,3374112;1;0,1303284;1
-1320;4;125;1;-0,1260001;0;0;0;1;0,3367154;1;0,1310122;1
-1320;4;126;1;-0,1270001;0;0;0;1;0,3360063;1;0,1317091;1
-1320;4;127;1;-0,1280001;0;0;0;1;0,3353157;1;0,1323878;1
-1320;4;128;1;-0,1290001;0;0;0;1;0,3346276;1;0,1330644;1
-1320;4;129;1;-0,1300001;0;0;0;1;0,3339409;1;0,1337396;1
-1320;4;130;1;-0,1310001;0;0;0;1;0,3332129;1;0,1344556;1
-1320;4;131;1;-0,1320001;0;0;0;1;0,3325166;1;0,1351404;1
-1320;4;132;1;-0,1330001;0;0;0;1;0,3318242;1;0,1358216;1
-1320;4;133;1;-0,1340001;0;0;0;1;0,3311333;1;0,1365015;1
-1320;4;134;1;-0,1350001;0;0;0;1;0,3304307;1;0,1371929;1
-1320;4;135;1;-0,1360001;0;0;0;1;0,3297411;1;0,1378717;1
-1320;4;136;1;-0,1370001;0;0;0;1;0,3290695;1;0,1385328;1
-1320;4;137;1;-0,1380001;0;0;0;1;0,3283603;1;0,1392311;1
-1320;4;138;1;-0,1390001;0;0;0;1;0,3276813;1;0,1398998;1
-1320;4;139;4;-0,1400001;0;0;0;1;0,326903;1;0,1406664;1
-1320;4;140;4;-0,1410001;0;0;0;1;0,3262786;1;0,1412814;1
-1320;4;141;4;-0,1420001;0;0;0;1;0,3254957;1;0,1420527;1
-1320;4;142;4;-0,1430001;0;0;0;1;0,324812;1;0,1427265;1
-1320;4;143;4;-0,1440001;0;0;0;1;0,3241218;1;0,1434066;1
-1320;4;144;4;-0,1450001;0;0;0;1;0,3234176;1;0,1441007;1
-1320;4;145;4;-0,1460001;0;0;0;1;0,3227325;1;0,1447761;1
-1320;4;146;4;-0,1470001;0;0;0;1;0,3220451;1;0,1454539;1
-1320;4;147;4;-0,1480001;0;0;0;1;0,3212825;1;0,1462058;1
-1320;4;148;4;-0,1490001;0;0;0;1;0,3206829;1;0,1467972;1
-1320;4;149;4;-0,1500001;0;0;0;1;0,3199042;1;0,1475652;1
-1320;4;150;4;-0,1510001;0;0;0;1;0,3191932;1;0,1482666;1
-1320;4;151;4;-0,1520001;0;0;0;1;0,3185095;1;0,1489411;1
-1320;4;152;4;-0,1530001;0;0;0;1;0,3177964;1;0,1496448;1
-1320;4;153;4;-0,1540001;0;0;0;1;0,3171155;1;0,1503168;1
-1320;4;154;1;-0,1550001;0;0;0;1;0,3164289;1;0,1509944;1
-1320;4;155;1;-0,1560001;0;0;0;1;0,3157114;1;0,1517026;1
-1320;4;156;1;-0,1570001;0;0;0;1;0,315033;1;0,1523723;1
-1320;4;157;1;-0,1580001;0;0;0;1;0,3143312;1;0,1530652;1
-1320;4;158;1;-0,1590001;0;0;0;1;0,3136576;1;0,1537304;1
-1320;4;159;1;-0,1600001;0;0;0;1;0,3129687;1;0,1544107;1
-1320;4;160;1;-0,1610001;0;0;0;1;0,3122468;1;0,1551237;1
-1320;4;161;1;-0,1620001;0;0;0;1;0,3115235;1;0,1558382;1
-1320;4;162;1;-0,1630002;0;0;0;1;0,3108284;1;0,1565248;1
-1320;4;163;1;-0,1640002;0;0;0;1;0,3101272;1;0,1572177;1
-1320;4;164;1;-0,1650002;0;0;0;1;0,3093954;1;0,1579408;1
-1320;4;165;1;-0,1660002;0;0;0;1;0,3087797;1;0,1585492;1
-1320;4;166;1;-0,1670002;0;0;0;1;0,3080027;1;0,1593171;1
-1320;4;167;1;-0,1680002;0;0;0;1;0,3072897;1;0,1600219;1
-1320;4;168;1;-0,1690002;0;0;0;1;0,3066093;1;0,1606945;1
-1320;4;169;1;-0,1700002;0;0;0;1;0,3059149;1;0,161381;1
-1320;4;170;1;-0,1710002;0;0;0;1;0,3052352;1;0,162053;1
-1320;4;171;1;-0,1720002;0;0;0;1;0,3045328;1;0,1627476;1
-1320;4;172;1;-0,1730002;0;0;0;1;0,303843;1;0,1634298;1
-1320;4;173;1;-0,1740002;0;0;0;1;0,3031254;1;0,1641396;1
-1320;4;174;1;-0,1750002;0;0;0;1;0,3024567;1;0,1648009;1
-1320;4;175;1;-0,1760002;0;0;0;1;0,3017437;1;0,1655063;1
-1320;4;176;1;-0,1770002;0;0;0;1;0,3010511;1;0,1661914;1
-1320;4;177;1;-0,1780002;0;0;0;1;0,3003599;1;0,1668753;1
-1320;4;178;1;-0,1790002;0;0;0;1;0,2996744;1;0,1675536;1
-1320;4;179;1;-0,1800002;0;0;0;1;0,2988895;1;0,1683303;1
-1320;4;180;1;-0,1810002;0;0;0;1;0,2982553;1;0,168958;1
-1320;4;181;1;-0,1820002;0;0;0;1;0,2975745;1;0,1696318;1
-1320;4;182;1;-0,1830002;0;0;0;1;0,29689;1;0,1703093;1
-1320;4;183;1;-0,1840002;0;0;0;1;0,2961131;1;0,1710784;1
-1320;4;184;4;-0,1850002;0;0;0;1;0,2954122;1;0,1717723;1
-1320;4;185;4;-0,1860002;0;0;0;1;0,2947243;1;0,1724534;1
-1320;4;186;4;-0,1870002;0;0;0;1;0,294047;1;0,1731241;1
-1320;4;187;4;-0,1880002;0;0;0;1;0,2933504;1;0,1738139;1
-1320;4;188;4;-0,1890002;0;0;0;1;0,2926362;1;0,1745212;1
-1320;4;189;4;-0,1900002;0;0;0;1;0,2919322;1;0,1752184;1
-1320;4;190;4;-0,1910002;0;0;0;1;0,2912434;1;0,1759007;1
-1320;4;191;4;-0,1920002;0;0;0;1;0,2905695;1;0,1765682;1
-1320;4;192;4;-0,1930002;0;0;0;1;0,2898628;1;0,1772683;1
-1320;4;193;4;-0,1940002;0;0;0;1;0,2891774;1;0,1779474;1
-1320;4;194;1;-0,1950002;0;0;0;1;0,2884659;1;0,1786524;1
-1320;4;195;1;-0,1960002;0;0;0;1;0,287779;1;0,1793329;1
-1320;4;196;1;-0,1970002;0;0;0;1;0,2870815;1;0,1800242;1
-1320;4;197;1;-0,1980002;0;0;0;1;0,2863102;1;0,1807886;1
-1320;4;198;1;-0,1990002;0;0;0;1;0,2856033;1;0,1814892;1
-1320;4;199;1;-0,2000002;0;0;0;1;0,2849924;1;0,1820946;1
-1320;4;200;1;-0,2010002;0;0;0;1;0,2841956;1;0,1828844;1
-1320;4;201;1;-0,2020002;0;0;0;1;0,2835008;1;0,1835732;1
-1320;4;202;1;-0,2030002;0;0;0;1;0,2828206;1;0,1842476;1
-1320;4;203;1;-0,2040002;0;0;0;1;0,2821406;1;0,1849218;1
-1320;4;204;1;-0,2050002;0;0;0;1;0,2814562;1;0,1856003;1
-1320;4;205;1;-0,2060002;0;0;0;1;0,2807652;1;0,1862855;1
-1320;4;206;1;-0,2070002;0;0;0;1;0,2800733;1;0,1869716;1
-1320;4;207;1;-0,2080002;0;0;0;1;0,2792917;1;0,1877467;1
-1320;4;208;1;-0,2090002;0;0;0;1;0,2786117;1;0,1884211;1
-1320;4;209;1;-0,2100002;0;0;0;1;0,2779197;1;0,1891075;1
-1320;4;210;1;-0,2110002;0;0;0;1;0,2772289;1;0,1897927;1
-1320;4;211;1;-0,2120003;0;0;0;1;0,276547;1;0,190469;1
-1320;4;212;1;-0,2130003;0;0;0;1;0,2758762;1;0,1911345;1
-1320;4;213;1;-0,2140003;0;0;0;1;0,27519;1;0,1918153;1
-1320;4;214;4;-0,2150003;0;0;0;1;0,2744836;1;0,1925161;1
-1320;4;215;4;-0,2160003;0;0;0;1;0,2736963;1;0,1932972;1
-1320;4;216;4;-0,2170003;0;0;0;1;0,2729931;1;0,193995;1
-1320;4;217;4;-0,2180003;0;0;0;1;0,2723821;1;0,1946013;1
-1320;4;218;4;-0,2190003;0;0;0;1;0,2716111;1;0,1953665;1
-1320;4;219;1;-0,2200003;0;0;0;1;0,2709104;1;0,1960618;1
-1320;4;220;1;-0,2210003;0;0;0;1;0,2702029;1;0,196764;1
-1320;4;221;1;-0,2220003;0;0;0;1;0,2695124;1;0,1974494;1
-1320;4;222;1;-0,2230003;0;0;0;1;0,2687983;1;0,1981583;1
-1320;4;223;1;-0,2240003;0;0;0;1;0,2681172;1;0,1988343;1
-1320;4;224;1;-0,2250003;0;0;0;1;0,2674402;1;0,1995064;1
-1320;4;225;1;-0,2260003;0;0;0;1;0,2667572;1;0,2001845;1
-1320;4;226;1;-0,2270003;0;0;0;1;0,266054;1;0,2008826;1
-1320;4;227;1;-0,2280003;0;0;0;1;0,2653703;1;0,2015614;1
-1320;4;228;1;-0,2290003;0;0;0;1;0,2645951;1;0,2023311;1
-1320;4;229;1;-0,2300003;0;0;0;1;0,2639885;1;0,2029334;1
-1320;4;230;1;-0,2310003;0;0;0;1;0,2631944;1;0,203722;1
-1320;4;231;1;-0,2320003;0;0;0;1;0,2625136;1;0,2043981;1
-1320;4;232;1;-0,2330003;0;0;0;1;0,261825;1;0,205082;1
-1320;4;233;1;-0,2340003;0;0;0;1;0,2611224;1;0,2057797;1
-1320;4;234;1;-0,2350003;0;0;0;1;0,2604505;1;0,206447;1
-1320;4;235;1;-0,2360003;0;0;0;1;0,2597616;1;0,2071313;1
-1320;4;236;1;-0,2370003;0;0;0;1;0,2590815;1;0,2078069;1
-1320;4;237;1;-0,2380003;0;0;0;1;0,258371;1;0,2085127;1
-1320;4;238;1;-0,2390003;0;0;0;1;0,257602;1;0,2092766;1
-1320;4;239;4;-0,2400003;0;0;0;1;0,2569265;1;0,2099477;1
-1320;4;240;4;-0,2410003;0;0;0;1;0,2562087;1;0,2106608;1
-1320;4;241;4;-0,2420003;0;0;0;1;0,255536;1;0,2113292;1
-1320;4;242;4;-0,2430003;0;0;0;1;0,2548467;1;0,2120141;1
-1320;4;243;4;-0,2440003;0;0;0;1;0,2541445;1;0,2127118;1
-1320;4;244;1;-0,2450003;0;0;0;1;0,2534605;1;0,2133916;1
-1320;4;245;1;-0,2460003;0;0;0;1;0,2527621;1;0,2140855;1
-1320;4;246;1;-0,2470003;0;0;0;1;0,2520802;1;0,2147632;1
-1320;4;247;1;-0,2480003;0;0;0;1;0,2513118;1;0,2155268;1
-1320;4;248;1;-0,2490003;0;0;0;1;0,2506103;1;0,216224;1
-1320;4;249;1;-0,2500003;0;0;0;1;0,2499279;1;0,2169023;1
-1320;4;250;1;-0,2510003;0;0;0;1;0,2492247;1;0,2176012;1
-1320;4;251;1;-0,2520003;0;0;0;1;0,2485369;1;0,2182849;1
-1320;4;252;1;-0,2530003;0;0;0;1;0,2478411;1;0,2189766;1
-1320;4;253;1;-0,2540003;0;0;0;1;0,2471667;1;0,2196469;1
-1320;4;254;1;-0,2550003;0;0;0;1;0,2464508;1;0,2203586;1
-1320;4;255;1;-0,2560003;0;0;0;1;0,245742;1;0,2210633;1
-1320;4;256;1;-0,2570002;0;0;0;1;0,2450342;1;0,221767;1
-1320;4;257;1;-0,2580002;0;0;0;1;0,244361;1;0,2224363;1
-1320;4;258;1;-0,2590002;0;0;0;1;0,243661;1;0,2231323;1
-1320;4;259;4;-0,2600002;0;0;0;1;0,2429834;1;0,2238061;1
-1320;4;260;4;-0,2610002;0;0;0;1;0,2422075;1;0,2245776;1
-1320;4;261;4;-0,2620002;0;0;0;1;0,2415191;1;0,225262;1
-1320;4;262;4;-0,2630002;0;0;0;1;0,2408347;1;0,2259427;1
-1320;4;263;4;-0,2640001;0;0;0;1;0,240126;1;0,2266474;1
-1320;4;264;1;-0,2650001;0;0;0;1;0,2394402;1;0,2273295;1
-1320;4;265;1;-0,2660001;0;0;0;1;0,2387267;1;0,2280391;1
-1320;4;266;1;-0,2670001;0;0;0;1;0,2380432;1;0,2287189;1
-1320;4;267;1;-0,2680001;0;0;0;1;0,2373734;1;0,2293851;1
-1320;4;268;1;-0,2690001;0;0;0;1;0,2367026;1;0,2300523;1
-1320;4;269;4;-0,2700001;0;0;0;1;0,2359101;1;0,2308405;1
-1320;4;270;4;-0,2710001;0;0;0;1;0,23522;1;0,231527;1
-1320;4;271;4;-0,272;0;0;0;1;0,2345414;1;0,2322021;1
-1320;4;272;4;-0,273;0;0;0;1;0,2338472;1;0,2328927;1
-1320;4;273;4;-0,274;0;0;0;1;0,233119;1;0,2336171;1
-1320;4;274;1;-0,275;0;0;0;1;0,2324063;1;0,2343262;1
-1320;4;275;1;-0,276;0;0;0;1;0,2317961;1;0,2349332;1
-1320;4;276;1;-0,277;0;0;0;1;0,2310881;1;0,2356376;1
-1320;4;277;1;-0,278;0;0;0;1;0,2303928;1;0,2363294;1
-1320;4;278;1;-0,279;0;0;0;1;0,2296089;1;0,2371094;1
-1320;4;279;4;-0,2799999;0;0;0;1;0,2289325;1;0,2377825;1
-1320;4;280;4;-0,2809999;0;0;0;1;0,2282059;1;0,2385054;1
-1320;4;281;4;-0,2819999;0;0;0;1;0,227592;1;0,2391163;1
-1320;4;282;4;-0,2829999;0;0;0;1;0,2268092;1;0,2398953;1
-1320;4;283;4;-0,2839999;0;0;0;1;0,2261309;1;0,2405703;1
-1320;4;284;1;-0,2849999;0;0;0;1;0,2254295;1;0,2412684;1
-1320;4;285;1;-0,2859999;0;0;0;1;0,224735;1;0,2419595;1
-1320;4;286;1;-0,2869999;0;0;0;1;0,2240352;1;0,242656;1
-1320;4;287;1;-0,2879998;0;0;0;1;0,2233355;1;0,2433524;1
-1320;4;288;1;-0,2889998;0;0;0;1;0,2226423;1;0,2440423;1
-1320;4;289;1;-0,2899998;0;0;0;1;0,2219626;1;0,2447189;1
-1320;4;290;1;-0,2909998;0;0;0;1;0,2212393;1;0,2454389;1
-1320;4;291;1;-0,2919998;0;0;0;1;0,2205565;1;0,2461186;1
-1320;4;292;1;-0,2929998;0;0;0;1;0,2198455;1;0,2468262;1
-1320;4;293;1;-0,2939998;0;0;0;1;0,2191632;1;0,2475055;1
-1320;4;294;4;-0,2949997;0;0;0;1;0,2184608;1;0,2482048;1
-1320;4;295;4;-0,2959997;0;0;0;1;0,2177636;1;0,2488989;1
-1320;4;296;4;-0,2969997;0;0;0;1;0,2170878;1;0,2495716;1
-1320;4;297;4;-0,2979997;0;0;0;1;0,2163239;1;0,2503322;1
-1320;4;298;4;-0,2989997;0;0;0;1;0,2156262;1;0,2510269;1
-1320;4;299;1;-0,2999997;0;0;0;1;0,214943;1;0,251707;1
-1320;4;300;1;-0,3009997;0;0;0;1;0,2142428;1;0,2524042;1
-1320;4;301;1;-0,3019997;0;0;0;1;0,213562;1;0,2530821;1
-1320;4;302;1;-0,3029996;0;0;0;1;0,212856;1;0,253785;1
-1320;4;303;1;-0,3039996;0;0;0;1;0,2121795;1;0,2544586;1
-1320;4;304;4;-0,3049996;0;0;0;1;0,2114881;1;0,2551471;1
-1320;4;305;4;-0,3059996;0;0;0;1;0,2107985;1;0,2558339;1
-1320;4;306;4;-0,3069996;0;0;0;1;0,2100908;1;0,2565387;1
-1320;4;307;4;-0,3079996;0;0;0;1;0,2093993;1;0,2572273;1
-1320;4;308;4;-0,3089996;0;0;0;1;0,2086193;1;0,2580041;1
-1320;4;309;1;-0,3099996;0;0;0;1;0,207933;1;0,2586876;1
-1320;4;310;1;-0,3109995;0;0;0;1;0,2072386;1;0,2593792;1
-1320;4;311;1;-0,3119995;0;0;0;1;0,2065405;1;0,2600744;1
-1320;4;312;1;-0,3129995;0;0;0;1;0,2058617;1;0,2607505;1
-1320;4;313;1;-0,3139995;0;0;0;1;0,2051796;1;0,2614299;1
-1320;4;314;1;-0,3149995;0;0;0;1;0,2044902;1;0,2621166;1
-1320;4;315;1;-0,3159995;0;0;0;1;0,2037805;1;0,2628235;1
-1320;4;316;1;-0,3169995;0;0;0;1;0,2031002;1;0,2635012;1
-1320;4;317;1;-0,3179995;0;0;0;1;0,2024053;1;0,2641934;1
-1320;4;318;1;-0,3189994;0;0;0;1;0,2016241;1;0,2649716;1
-1320;4;319;1;-0,3199994;0;0;0;1;0,2009329;1;0,2656602;1
-1320;4;320;1;-0,3209994;0;0;0;1;0,2002418;1;0,2663487;1
-1320;4;321;1;-0,3219994;0;0;0;1;0,1995565;1;0,2670314;1
-1320;4;322;1;-0,3229994;0;0;0;1;0,1988643;1;0,2677209;1
-1320;4;323;1;-0,3239994;0;0;0;1;0,1981685;1;0,2684142;1
-1320;4;324;4;-0,3249994;0;0;0;1;0,1974542;1;0,2691258;1
-1320;4;325;4;-0,3259993;0;0;0;1;0,1967489;1;0,2698285;1
-1320;4;326;4;-0,3269993;0;0;0;1;0,1960688;1;0,2705061;1
-1320;4;327;4;-0,3279993;0;0;0;1;0,1953403;1;0,271232;1
-1320;4;328;4;-0,3289993;0;0;0;1;0,1946387;1;0,2719311;1
-1320;4;329;1;-0,3299993;0;0;0;1;0,193944;1;0,2726233;1
-1320;4;330;1;-0,3309993;0;0;0;1;0,1932355;1;0,2733293;1
-1320;4;331;1;-0,3319993;0;0;0;1;0,1925428;1;0,2740195;1
-1320;4;332;1;-0,3329993;0;0;0;1;0,1918447;1;0,2747152;1
-1320;4;333;1;-0,3339992;0;0;0;1;0,1911714;1;0,2753862;1
-1320;4;334;1;-0,3349992;0;0;0;1;0,1904719;1;0,2760832;1
-1320;4;335;1;-0,3359992;0;0;0;1;0,1897798;1;0,276773;1
-1320;4;336;1;-0,3369992;0;0;0;1;0,1890895;1;0,2774609;1
-1320;4;337;1;-0,3379992;0;0;0;1;0,1884;1;0,2781481;1
-1320;4;338;1;-0,3389992;0;0;0;1;0,1876968;1;0,2788489;1
-1320;4;339;1;-0,3399992;0;0;0;1;0,186991;1;0,2795524;1
-1320;4;340;1;-0,3409992;0;0;0;1;0,1862892;1;0,2802518;1
-1320;4;341;1;-0,3419991;0;0;0;1;0,1855666;1;0,2809721;1
-1320;4;342;1;-0,3429991;0;0;0;1;0,1848812;1;0,2816552;1
-1320;4;343;1;-0,3439991;0;0;0;1;0,1841866;1;0,2823475;1
-1320;4;344;1;-0,3449991;0;0;0;1;0,1834922;1;0,2830397;1
-1320;4;345;1;-0,3459991;0;0;0;1;0,182797;1;0,2837327;1
-1320;4;346;1;-0,3469991;0;0;0;1;0,1821113;1;0,2844162;1
-1320;4;347;1;-0,3479991;0;0;0;1;0,1814188;1;0,2851065;1
-1320;4;348;1;-0,3489991;0;0;0;1;0,1807195;1;0,2858037;1
-1320;4;349;1;-0,349999;0;0;0;1;0,1799394;1;0,2865813;1
-1320;4;350;1;-0,350999;0;0;0;1;0,1793069;1;0,2872118;1
-1320;4;351;1;-0,351999;0;0;0;1;0,1786125;1;0,2879041;1
-1320;4;352;1;-0,352999;0;0;0;1;0,1778332;1;0,288681;1
-1320;4;353;1;-0,353999;0;0;0;1;0,1771283;1;0,2893838;1
-1320;4;354;1;-0,354999;0;0;0;1;0,1764552;1;0,2900548;1
-1320;4;355;1;-0,355999;0;0;0;1;0,1757593;1;0,2907487;1
-1320;4;356;1;-0,356999;0;0;0;1;0,1750613;1;0,2914447;1
-1320;4;357;1;-0,3579989;0;0;0;1;0,1743556;1;0,2921483;1
-1320;4;358;1;-0,3589989;0;0;0;1;0,1736818;1;0,2928201;1
-1320;4;359;1;-0,3599989;0;0;0;1;0,1730083;1;0,2934916;1
-1320;4;360;1;-0,3609989;0;0;0;1;0,1723074;1;0,2941904;1
-1320;4;361;1;-0,3619989;0;0;0;1;0,17161;1;0,2948859;1
-1320;4;362;1;-0,3629989;0;0;0;1;0,1708371;1;0,2956566;1
-1320;4;363;1;-0,3639989;0;0;0;1;0,1702312;1;0,2962608;1
-1320;4;364;1;-0,3649988;0;0;0;1;0,1695234;1;0,2969666;1
-1320;4;365;1;-0,3659988;0;0;0;1;0,1688192;1;0,2976688;1
-1320;4;366;1;-0,3669988;0;0;0;1;0,1680406;1;0,2984453;1
-1320;4;367;1;-0,3679988;0;0;0;1;0,1673527;1;0,2991313;1
-1320;4;368;1;-0,3689988;0;0;0;1;0,166667;1;0,2998152;1
-1320;4;369;4;-0,3699988;0;0;0;1;0,1659701;1;0,3005102;1
-1320;4;370;4;-0,3709988;0;0;0;1;0,165244;1;0,3012344;1
-1320;4;371;4;-0,3719988;0;0;0;1;0,164552;1;0,3019245;1
-1320;4;372;4;-0,3729987;0;0;0;1;0,1638501;1;0,3026246;1
-1320;4;373;4;-0,3739987;0;0;0;1;0,1631383;1;0,3033345;1
-1320;4;374;1;-0,3749987;0;0;0;1;0,1624622;1;0,3040088;1
-1320;4;375;1;-0,3759987;0;0;0;1;0,1617462;1;0,304723;1
-1320;4;376;1;-0,3769987;0;0;0;1;0,1611378;1;0,3053299;1
-1320;4;377;1;-0,3779987;0;0;0;1;0,1603459;1;0,3061197;1
-1320;4;378;1;-0,3789987;0;0;0;1;0,1596634;1;0,3068005;1
-1320;4;379;1;-0,3799987;0;0;0;1;0,1589915;1;0,3074708;1
-1320;4;380;1;-0,3809986;0;0;0;1;0,1582748;1;0,3081857;1
-1320;4;381;1;-0,3819986;0;0;0;1;0,1576029;1;0,308856;1
-1320;4;382;1;-0,3829986;0;0;0;1;0,1569006;1;0,3095565;1
-1320;4;383;1;-0,3839986;0;0;0;1;0,1561882;1;0,3102672;1
-1320;4;384;1;-0,3849986;0;0;0;1;0,1555162;1;0,3109376;1
-1320;4;385;1;-0,3859986;0;0;0;1;0,1548188;1;0,3116333;1
-1320;4;386;1;-0,3869986;0;0;0;1;0,1541276;1;0,312323;1
-1320;4;387;1;-0,3879986;0;0;0;1;0,1534213;1;0,3130276;1
-1320;4;388;1;-0,3889985;0;0;0;1;0,1527165;1;0,3137308;1
-1320;4;389;4;-0,3899985;0;0;0;1;0,1520268;1;0,3144189;1
-1320;4;390;4;-0,3909985;0;0;0;1;0,1513168;1;0,3151273;1
-1320;4;391;4;-0,3919985;0;0;0;1;0,1505449;1;0,3158974;1
-1320;4;392;4;-0,3929985;0;0;0;1;0,149863;1;0,3165778;1
-1320;4;393;4;-0,3939985;0;0;0;1;0,1491555;1;0,3172838;1
-1320;4;394;1;-0,3949985;0;0;0;1;0,1484639;1;0,3179739;1
-1320;4;395;1;-0,3959984;0;0;0;1;0,1478387;1;0,3185978;1
-1320;4;396;1;-0,3969984;0;0;0;1;0,1471492;1;0,3192857;1
-1320;4;397;1;-0,3979984;0;0;0;1;0,1463517;1;0,3200816;1
-1320;4;398;1;-0,3989984;0;0;0;1;0,1457303;1;0,3207016;1
-1320;4;399;1;-0,3999984;0;0;0;1;0,1449583;1;0,3214719;1
-1320;4;400;1;-0,4009984;0;0;0;1;0,1442563;1;0,3221726;1
-1320;4;401;1;-0,4019984;0;0;0;1;0,1435692;1;0,3228582;1
-1320;4;402;1;-0,4029984;0;0;0;1;0,1428876;1;0,3235384;1
-1320;4;403;1;-0,4039983;0;0;0;1;0,1422121;1;0,3242126;1
-1320;4;404;1;-0,4049983;0;0;0;1;0,1415151;1;0,3249082;1
-1320;4;405;1;-0,4059983;0;0;0;1;0,1408307;1;0,3255912;1
-1320;4;406;1;-0,4069983;0;0;0;1;0,1400587;1;0,3263618;1
-1320;4;407;1;-0,4079983;0;0;0;1;0,1393631;1;0,3270561;1
-1320;4;408;1;-0,4089983;0;0;0;1;0,1386783;1;0,3277395;1
-1320;4;409;1;-0,4099983;0;0;0;1;0,137966;1;0,3284505;1
-1320;4;410;1;-0,4109983;0;0;0;1;0,137254;1;0,3291612;1
-1320;4;411;1;-0,4119982;0;0;0;1;0,1365755;1;0,3298384;1
-1320;4;412;1;-0,4129982;0;0;0;1;0,135857;1;0,3305556;1
-1320;4;413;1;-0,4139982;0;0;0;1;0,1351652;1;0,3312462;1
-1320;4;414;1;-0,4149982;0;0;0;1;0,134477;1;0,3319332;1
-1320;4;415;1;-0,4159982;0;0;0;1;0,1337698;1;0,3326391;1
-1320;4;416;1;-0,4169982;0;0;0;1;0,133073;1;0,3333347;1
-1320;4;417;1;-0,4179982;0;0;0;1;0,1324628;1;0,3339438;1
-1320;4;418;1;-0,4189982;0;0;0;1;0,1317437;1;0,3346617;1
-1320;4;419;1;-0,4199981;0;0;0;1;0,1310533;1;0,335351;1
-1320;4;420;1;-0,4209981;0;0;0;1;0,130269;1;0,336134;1
-1320;4;421;1;-0,4219981;0;0;0;1;0,1295833;1;0,3368186;1
-1320;4;422;1;-0,4229981;0;0;0;1;0,1288908;1;0,33751;1
-1320;4;423;1;-0,4239981;0;0;0;1;0,1281835;1;0,3382162;1
-1320;4;424;1;-0,4249981;0;0;0;1;0,1274904;1;0,3389082;1
-1320;4;425;1;-0,4259981;0;0;0;1;0,1267853;1;0,3396122;1
-1320;4;426;1;-0,426998;0;0;0;1;0,1260985;1;0,3402979;1
-1320;4;427;1;-0,427998;0;0;0;1;0,1254125;1;0,3409829;1
-1320;4;428;1;-0,428998;0;0;0;1;0,1247341;1;0,3416603;1
-1320;4;429;4;-0,429998;0;0;0;1;0,1240281;1;0,3423653;1
-1320;4;430;4;-0,430998;0;0;0;1;0,1233221;1;0,3430703;1
-1320;4;431;4;-0,431998;0;0;0;1;0,1226306;1;0,3437608;1
-1320;4;432;4;-0,432998;0;0;0;1;0,1219399;1;0,3444506;1
-1320;4;433;4;-0,433998;0;0;0;1;0,1212333;1;0,3451562;1
-1320;4;434;1;-0,4349979;0;0;0;1;0,1205536;1;0,345835;1
-1320;4;435;1;-0,4359979;0;0;0;1;0,1198506;1;0,3465371;1
-1320;4;436;1;-0,4369979;0;0;0;1;0,119167;1;0,3472198;1
-1320;4;437;1;-0,4379979;0;0;0;1;0,1183971;1;0,3479887;1
-1320;4;438;1;-0,4389979;0;0;0;1;0,1177011;1;0,3486839;1
-1320;4;439;1;-0,4399979;0;0;0;1;0,1170133;1;0,3493708;1
-1320;4;440;1;-0,4409979;0;0;0;1;0,1163089;1;0,3500744;1
-1320;4;441;1;-0,4419979;0;0;0;0;1;1;0,3507658;1
-1320;4;442;1;-0,4429978;0;0;0;0;1;1;0,3514639;1
-1320;4;443;1;-0,4439978;0;0;0;0;1;1;0,3521544;1
-1320;4;444;4;-0,4449978;0;0;0;0;1;1;0,3528476;1
-1320;4;445;4;-0,4459978;0;0;0;0;1;1;0,3535666;1
-1320;4;446;4;-0,4469978;0;0;0;0;1;1;0,3542302;1
-1320;4;447;4;-0,4479978;0;0;0;0;1;1;0,3549479;1
-1320;4;448;4;-0,4489978;0;0;0;0;1;1;0,3556283;1
-1320;4;449;4;-0,4499978;0;0;0;0;1;1;0,3563348;1
-1320;4;450;4;-0,4509977;0;0;0;0;1;1;0,3570329;1
-1320;4;451;4;-0,4519977;0;0;0;0;1;1;0,357714;1
-1320;4;452;4;-0,4529977;0;0;0;0;1;1;0,3584073;1
-1320;4;453;4;-0,4539977;0;0;0;0;1;1;0,3591071;1
-1320;4;454;4;-0,4549977;0;0;0;0;1;1;0,3598025;1
-1320;4;455;4;-0,4559977;0;0;0;0;1;1;0,3605022;1
-1320;4;456;4;-0,4569977;0;0;0;0;1;1;0,3612785;1
-1320;4;457;4;-0,4579976;0;0;0;0;1;1;0,3619108;1
-1320;4;458;4;-0,4589976;0;0;0;0;1;1;0,362588;1
-1320;4;459;4;-0,4599976;0;0;0;0;1;1;0,3633596;1
-1320;4;460;4;-0,4609976;0;0;0;0;1;1;0,3639777;1
-1320;4;461;4;-0,4619976;0;0;0;0;1;1;0,3647701;1
-1320;4;462;4;-0,4629976;0;0;0;0;1;1;0,3654506;1
-1320;4;463;4;-0,4639976;0;0;0;0;1;1;0,3661621;1
-1320;4;464;4;-0,4649976;0;0;0;0;1;1;0,3668465;1
-1320;4;465;4;-0,4659975;0;0;0;0;1;1;0,3675638;1
-1320;4;466;4;-0,4669975;0;0;0;0;1;1;0,3682623;1
-1320;4;467;4;-0,4679975;0;0;0;0;1;1;0,3689362;1
-1320;4;468;4;-0,4689975;0;0;0;0;1;1;0,3696165;1
-1320;4;469;4;-0,4699975;0;0;0;0;1;1;0,3703168;1
-1320;4;470;4;-0,4709975;0;0;0;0;1;1;0,3710294;1
-1320;4;471;4;-0,4719975;0;0;0;0;1;1;0,3717067;1
-1320;4;472;4;-0,4729975;0;0;0;0;1;1;0,3724181;1
-1320;4;473;4;-0,4739974;0;0;0;0;1;1;0,37313;1
-1320;4;474;4;-0,4749974;0;0;0;0;1;1;0,3738111;1
-1320;4;475;4;-0,4759974;0;0;0;0;1;1;0,3745182;1
-1320;4;476;4;-0,4769974;0;0;0;0;1;1;0,3752192;1
-1320;4;477;4;-0,4779974;0;0;0;0;1;1;0,3758987;1
-1320;4;478;4;-0,4789974;0;0;0;0;1;1;0,3765437;1
-1320;4;479;4;-0,4799974;0;0;0;0;1;1;0,3773337;1
-1320;4;480;4;-0,4809974;0;0;0;0;1;1;0,3779805;1
-1320;4;481;4;-0,4819973;0;0;0;0;1;1;0,3787121;1
-1320;4;482;4;-0,4829973;0;0;0;0;1;1;0,3793446;1
-1320;4;483;4;-0,4839973;0;0;0;0;1;1;0,3800601;1
-1320;4;484;4;-0,4849973;0;0;0;0;1;1;0,3807741;1
-1320;4;485;4;-0,4859973;0;0;0;0;1;1;0,3815132;1
-1320;4;486;4;-0,4869973;0;0;0;0;1;1;0,3821852;1
-1320;4;487;4;-0,4879973;0;0;0;0;1;1;0,3828528;1
-1320;4;488;4;-0,4889973;0;0;0;0;1;1;0,3835976;1
-1320;4;489;4;-0,4899972;0;0;0;0;1;1;0,3842351;1
-1320;4;490;4;-0,4909972;0;0;0;0;1;1;0,3849661;1
-1320;4;491;4;-0,4919972;0;0;0;0;1;1;0,3855888;1
-1320;4;492;4;-0,4929972;0;0;0;0;1;1;0,3862715;1
-1320;4;493;4;-0,4939972;0;0;0;0;1;1;0,386952;1
-1320;4;494;4;-0,4949972;0;0;0;0;1;1;0,3876353;1
-1320;4;495;4;-0,4459971;0;1;0;0;1;0,05290807;0,3882438;1
-1320;4;496;4;-0,3969971;0;1;0;0;1;0,05149703;0,3889632;1
-1320;4;497;4;-0,3479971;0;1;0;0;1;0,05031509;0,3895673;1
-1320;4;498;4;-0,2989971;0;1;0;0;1;0,04891826;0,3902833;1
-1320;4;499;4;-0,2499971;0;1;0;0;1;0,04774054;0,3908886;1
-1320;4;500;4;-0,2009971;0;1;0;0;1;0,04634937;0,3916058;1
-1320;4;501;4;-0,1519971;0;1;0;0;1;0,04502315;0,3922916;1
-1320;4;502;4;-0,1029971;0;1;0;0;1;0,04387333;0,392888;1
-1320;4;503;4;-0,05399708;0;1;0;0;1;0,04252879;0,3935878;1
-1320;4;504;4;-0,004997078;0;1;0;0;1;0,041198;0,3942829;1
-1320;4;505;4;0,04400292;0;1;0;0;1;0,04002077;0,3949002;1
-1320;4;506;4;0,09300292;0;1;0;0;1;0,03870434;0,3955932;1
-1320;4;507;4;0,1420029;0;1;0;0;1;0,03738836;0,3962892;1
-1320;4;508;4;0,1910029;0;1;0;0;1;0,03629017;0,3968727;1
-1320;4;509;4;0,2400029;0;1;0;0;1;0,03487405;0,3976292;1
-1320;4;510;4;0,2890029;0;1;0;0;1;0,03373555;0,3982412;1
-1320;4;511;4;0,3380029;0;1;0;0;1;0,03239491;0,3989664;1
-1320;4;512;4;0,387003;0;1;0;0;1;0,03129449;0,3995661;1
-1320;4;513;4;0,436003;0;1;0;0;1;0,03003674;0,4002584;1
-1320;4;514;4;0,485003;0;1;0;0;1;0,0288141;0,4009396;1
-1320;4;515;4;0,534003;0;1;0;0;1;0,02777145;0,4015281;1
-1320;4;516;4;0,583003;0;1;0;0;1;0,02654604;0,402229;1
-1320;4;517;4;0,6320031;0;1;0;0;1;0,02550027;0,4028341;1
-1320;4;518;4;0,6810031;0;1;0;0;1;0,02422579;0,4035869;1
-1320;4;519;4;0,7300031;0;1;0;0;1;0,02320938;0,4042011;1
-1320;4;520;4;0,7790031;0;1;0;0;1;0,02207208;0,4049016;1
-1320;4;521;4;0,8280032;0;1;0;0;1;0,02096478;0,4056029;1
-1320;4;522;4;0,8770032;0;1;0;0;1;0,02003883;0,4062075;1
-1320;4;523;4;0,9260032;0;1;1;0;1;0,01898736;0,40692;1
-1320;4;524;4;0,9250032;0;1;1;0;1;0,01813395;0,4075247;1
-1320;4;525;4;0,9240032;0;1;1;0;1;0,01719396;0,4082277;1
-1320;4;526;4;0,9230033;0;1;1;0;1;0,01633674;0,408916;1
-1320;4;527;4;0,9220033;0;1;1;0;1;0,01554595;0,4096102;1
-1320;4;528;4;0,9210033;0;1;1;0;1;0,01493063;0,410211;1
-1320;4;529;4;0,9200033;0;1;1;0;1;0,01434912;0,4108588;1
-1320;4;530;4;0,9190033;0;1;1;0;1;0,0138316;0,4115565;1
-1320;4;531;4;0,9180033;0;1;1;0;1;0,01344191;0,412272;1
-1320;4;532;4;0,9170033;0;1;1;0;1;0,01322027;0,4128809;1
-1320;4;533;4;0,9160033;0;1;1;0;1;0,01309871;0,4135652;1
-1320;4;534;4;0,9150034;0;1;1;0;1;0,01249707;0,4142603;1
-1320;4;535;4;0,9140034;0;1;1;0;1;0,01186823;0,4148412;1
-1320;4;536;4;0,9130034;0;1;1;0;1;0,01122258;0,4155347;1
-1320;4;537;4;0,9120034;0;1;1;0;1;0,01070959;0,4162067;1
-1320;4;538;4;0,9110034;0;1;1;0;1;0,01033792;0,4168625;1
-1320;4;539;4;0,9100034;0;1;1;0;1;0,01012708;0,4174456;1
-1320;4;540;4;0,9090034;0;1;1;0;1;0,01002552;0,4181028;1
-1320;4;541;4;0,9080034;0;1;1;0;1;0,01005315;0,4188556;1
-1320;4;542;4;0,9070035;0;1;1;0;1;0,01018471;0,4194751;1
-1320;4;543;4;0,9060035;0;1;1;0;1;0,01049703;0,4202047;1
-1320;4;544;4;0,9050035;0;1;1;0;1;0,0109169;0,4208625;1
-1320;4;545;4;0,9040035;0;1;1;0;1;0,01152874;0,4216081;1
-1320;4;546;4;0,9030035;0;1;1;0;1;0,01222213;0,4223182;1
-1320;4;547;4;0,9020035;0;1;1;0;1;0,01288761;0,4229285;1
-1320;4;548;4;0,9010035;0;1;1;0;1;0,01375157;0,4236466;1
-1320;4;549;4;0,9000036;0;1;1;0;1;0,01473145;0,4243906;1
-1320;4;550;4;0,8990036;0;1;1;0;1;0,01562105;0,4250234;1
-1320;4;551;4;0,8980036;0;1;1;0;1;0,01664353;0,425716;1
-1320;4;552;4;0,8970036;0;1;1;0;1;0,01780936;0,4264728;1
-1320;4;553;4;0,8960036;0;1;1;0;1;0,01882875;0,4271134;1
-1320;4;554;4;0,8950036;0;1;0;0;1;0,02000936;0,4278364;1
-1320;4;555;4;0,8940036;0;1;0;0;1;0,02121968;0,4285613;1
-1320;4;556;4;0,8930036;0;1;0;0;1;0,0222612;0,4291745;1
-1320;4;557;4;0,8920037;0;1;0;0;1;0,02350529;0,4298964;1
-1320;4;558;4;0,8910037;0;1;0;0;1;0,02472827;0,4305971;1
-1320;4;559;4;0,8900037;0;1;0;0;1;0,02598258;0,4313079;1
-1320;4;560;4;0,8890037;0;1;0;0;1;0,02725261;0,4320209;1
-1320;4;561;4;0,8880037;0;1;0;0;1;0,02839946;0,4326598;1
-1320;4;562;4;0,8870037;0;1;0;0;1;0,02972988;0,433396;1
-1320;4;563;4;0,8860037;0;1;0;0;1;0,03087122;0,4340213;1
-1320;4;564;4;0,8850037;0;1;0;0;1;0,03221119;0,4347498;1
-1320;4;565;4;0,8840038;0;1;0;0;1;0,03343146;0,4354101;1
-1320;4;566;4;0,8830038;0;1;0;0;1;0,03487225;0,4361865;1
-1320;4;567;4;0,8820038;0;1;0;0;1;0,03603047;0,4368084;1
-1320;4;568;4;0,8810038;0;1;0;0;1;0,03737456;0,4375275;1
-1320;4;569;4;0,8800038;0;1;0;0;1;0,03875947;0,438266;1
-1320;4;570;4;0,8790038;0;1;0;0;1;0,03995235;0,4389001;1
-1320;4;571;4;0,8780038;0;1;0;0;1;0,0413253;0,439628;1
-1320;4;572;4;0,8770038;0;1;0;0;1;0,04271281;0,4403617;1
-1320;4;573;4;0,8760039;0;1;0;0;1;0,04398276;0,4410316;1
-1320;4;574;4;0,9250039;0;1;0;0;1;0,04525376;0,4417006;1
-1320;4;575;4;0,9740039;0;1;0;0;1;0,04652316;0,4423676;1
-1320;4;576;4;1,023004;0;1;0;0;1;0,04797003;0,4431263;1
-1320;4;577;4;1,072004;0;1;0;0;1;0,04921042;0,4437755;1
-1320;4;578;4;1,121004;0;1;0;0;1;0,05057372;0,4444879;1
-1320;4;579;4;1,170004;0;1;0;0;1;0,05195457;0,4452084;1
-1320;4;580;4;1,219004;0;1;0;0;1;0,05319022;0,4458521;1
-1320;4;581;4;1,268003;0;1;0;0;1;0,05455637;0,4465629;1
-1320;4;582;4;1,317003;0;1;0;0;1;0,05597408;0,4472996;1
-1320;4;583;4;1,316003;0;0;0;0;1;1;0,4479477;1
-1320;4;584;4;1,315003;0;0;0;0;1;1;0,4486723;1
-1320;4;585;4;1,314003;0;0;0;0;1;1;0,4493229;1
-1320;4;586;4;1,313003;0;0;0;0;1;1;0,4500491;1
-1320;4;587;4;1,312003;0;0;0;0;1;1;0,4506981;1
-1320;4;588;4;1,311003;0;0;0;0;1;1;0,4514486;1
-1320;4;589;4;1,310003;0;0;0;0;1;1;0,452079;1
-1320;4;590;4;1,309003;0;0;0;0;1;1;0,4528852;1
-1320;4;591;4;1,308003;0;0;0;0;1;1;0,4535159;1
-1320;4;592;4;1,307003;0;0;0;0;1;1;0,4541866;1
-1320;4;593;4;1,306003;0;0;0;0;1;1;0,4549542;1
-1320;4;594;4;1,305003;0;0;0;0;1;1;0,4555823;1
-1320;4;595;4;1,304003;0;0;0;0;1;1;0,4563272;1
-1320;4;596;4;1,303003;0;0;0;0;1;1;0,4569672;1
-1320;4;597;4;1,302003;0;0;0;0;1;1;0,4576249;1
-1320;4;598;4;1,301003;0;0;0;0;1;1;0,4583204;1
-1320;4;599;1;1,300003;0;0;0;0;1;1;0,4589249;1
-1320;4;600;1;1,299003;0;0;0;0;1;1;0,459449;1
-1320;4;601;1;1,298002;0;0;0;0;1;1;0,4600247;1
-1320;4;602;1;1,297002;0;0;0;0;1;1;0,460542;1
-1320;4;603;1;1,296002;0;0;0;0;1;1;0,4610386;1
-1320;4;604;4;1,295002;0;0;0;0;1;1;0,4615172;1
-1320;4;605;4;1,294002;0;0;0;0;1;1;0,4619782;1
-1320;4;606;4;1,293002;0;0;0;0;1;1;0,4624057;1
-1320;4;607;4;1,292002;0;0;0;0;1;1;0,4628659;1
-1320;4;608;4;1,291002;0;0;0;0;1;1;0,4632353;1
-1320;4;609;4;1,290002;0;0;0;0;1;1;0,463592;1
-1320;4;610;4;1,289002;0;0;0;0;1;1;0,4639273;1
-1320;4;611;4;1,288002;0;0;0;0;1;1;0,4642416;1
-1320;4;612;4;1,287002;0;0;0;0;1;1;0,4645293;1
-1320;4;613;4;1,286002;0;0;0;0;1;1;0,4647627;1
-1320;4;614;4;1,285002;0;0;0;0;1;1;0,4650048;1
-1320;4;615;4;1,284002;0;0;0;0;1;1;0,4652183;1
-1320;4;616;4;1,283002;0;0;0;0;1;1;0,4654102;1
-1320;4;617;4;1,282002;0;0;0;0;1;1;0,465568;1
-1320;4;618;4;1,281002;0;0;0;0;1;1;0,465723;1
-1320;4;619;4;1,280002;0;0;0;0;1;1;0,4658315;1
-1320;4;620;4;1,279002;0;0;0;0;1;1;0,4659199;1
-1320;4;621;4;1,278002;0;0;0;0;1;1;0,4659804;1
-1320;4;622;4;1,277002;0;0;0;0;1;1;0,4660175;1
-1320;4;623;4;1,276001;0;0;0;0;1;1;0,4660249;1
-1320;4;624;4;1,275001;0;0;0;0;1;1;0,4660249;1
-1320;4;625;4;1,274001;0;0;0;0;1;1;0,4660249;1
-1320;4;626;4;1,273001;0;0;0;0;1;1;0,4660249;1
-1320;4;627;4;1,272001;0;0;0;0;1;1;0,4660249;1
-1320;4;628;4;1,271001;0;0;0;0;1;1;0,4660249;1
-1320;4;629;4;1,270001;0;0;0;0;1;1;0,4660249;1
-1320;4;630;4;1,269001;0;0;0;0;1;1;0,4660249;1
-1320;4;631;4;1,268001;0;0;0;0;1;1;0,4660249;1
-1320;4;632;4;1,267001;0;0;0;0;1;1;0,4660249;1
-1320;4;633;4;1,266001;0;0;0;0;1;1;0,4660249;1
-1320;4;634;4;1,265001;0;0;0;0;1;1;0,4660249;1
-1320;4;635;4;1,264001;0;0;0;0;1;1;0,4660249;1
-1320;4;636;4;1,263001;0;0;0;0;1;1;0,4660249;1
-1320;4;637;4;1,262001;0;0;0;0;1;1;0,4660249;1
-1320;4;638;4;1,261001;0;0;0;0;1;1;0,4660249;1
-1320;4;639;4;1,260001;0;0;0;0;1;1;0,4660249;1
-1320;4;640;4;1,259001;0;0;0;0;1;1;0,4660249;1
-1320;4;641;4;1,258001;0;0;0;0;1;1;0,4660249;1
-1320;4;642;4;1,257001;0;0;0;0;1;1;0,4660249;1
-1320;4;643;4;1,256001;0;0;0;0;1;1;0,4660249;1
-1320;4;644;4;1,255;0;0;0;0;1;1;0,4660249;1
-1320;4;645;4;1,254;0;0;0;0;1;1;0,4660249;1
-1320;4;646;4;1,253;0;0;0;0;1;1;0,4660249;1
-1320;4;647;4;1,252;0;0;0;0;1;1;0,4660249;1
-1320;4;648;4;1,251;0;0;0;0;1;1;0,4660249;1
-1320;4;649;4;1,25;0;0;0;0;1;1;0,4660249;1
-1320;4;650;4;1,249;0;0;0;0;1;1;0,4660249;1
-1320;4;651;4;1,248;0;0;0;0;1;1;0,4660249;1
-1320;4;652;4;1,247;0;0;0;0;1;1;0,4660249;1
-1320;4;653;4;1,246;0;0;0;0;1;1;0,4660249;1
-1320;4;654;4;1,245;0;0;0;0;1;1;0,4660249;1
-1320;4;655;4;1,244;0;0;0;0;1;1;0,4660249;1
-1320;4;656;4;1,243;0;0;0;0;1;1;0,4660249;1
-1320;4;657;4;1,242;0;0;0;0;1;1;0,4660249;1
-1320;4;658;4;1,241;0;0;0;0;1;1;0,4660249;1
-1320;4;659;4;1,24;0;0;0;0;1;1;0,4660249;1
-1320;4;660;4;1,239;0;0;0;0;1;1;0,4660249;1
-1320;4;661;4;1,238;0;0;0;0;1;1;0,4660249;1
-1320;4;662;4;1,237;0;0;0;0;1;1;0,4660249;1
-1320;4;663;4;1,236;0;0;0;0;1;1;0,4660249;1
-1320;4;664;1;1,235;0;0;0;0;1;1;0,4660249;1
-1320;4;665;1;1,233999;0;0;0;0;1;1;0,4660249;1
-1320;4;666;1;1,232999;0;0;0;0;1;1;0,4660249;1
-1320;4;667;1;1,231999;0;0;0;0;1;1;0,4660249;1
-1320;4;668;1;1,230999;0;0;0;0;1;1;0,4660249;1
-1320;4;669;0;1,229999;0;0;0;0;1;1;0,4660249;1
-1320;4;670;0;1,228999;0;0;0;0;1;1;0,4660249;1
-1320;4;671;0;1,227999;0;0;0;0;1;1;0,4660249;1
-1320;4;672;0;1,226999;0;0;0;0;1;1;0,4660249;1
-1320;4;673;0;1,225999;0;0;0;0;1;1;0,4660249;1
-1320;4;674;4;1,224999;0;0;0;0;1;1;0,4660249;1
-1320;4;675;4;1,223999;0;0;0;0;1;1;0,4660249;1
-1320;4;676;4;1,222999;0;0;0;0;1;1;0,4660249;1
-1320;4;677;4;1,221999;0;0;0;0;1;1;0,4660249;1
-1320;4;678;4;1,220999;0;0;0;0;1;1;0,4660249;1
-1320;4;679;4;1,219999;0;0;0;0;1;1;0,4660249;1
-1320;4;680;4;1,218999;0;0;0;0;1;1;0,4660249;1
-1320;4;681;4;1,217999;0;0;0;0;1;1;0,4660249;1
-1320;4;682;4;1,216999;0;0;0;0;1;1;0,4660249;1
-1320;4;683;4;1,215999;0;0;0;0;1;1;0,4660249;1
-1320;4;684;4;1,214999;0;0;0;0;1;1;0,4660249;1
-1320;4;685;4;1,213999;0;0;0;0;1;1;0,4660249;1
-1320;4;686;4;1,212999;0;0;0;0;1;1;0,4660249;1
-1320;4;687;4;1,211998;0;0;0;0;1;1;0,4660249;1
-1320;4;688;4;1,210998;0;0;0;0;1;1;0,4660249;1
-1320;4;689;4;1,209998;0;0;0;0;1;1;0,4660249;1
-1320;4;690;4;1,208998;0;0;0;0;1;1;0,4660249;1
-1320;4;691;4;1,207998;0;0;0;0;1;1;0,4660249;1
-1320;4;692;4;1,206998;0;0;0;0;1;1;0,4660249;1
-1320;4;693;4;1,205998;0;0;0;0;1;1;0,4660249;1
-1320;4;694;4;1,204998;0;0;0;0;1;1;0,4660249;1
-1320;4;695;4;1,203998;0;0;0;0;1;1;0,4660249;1
-1320;4;696;4;1,202998;0;0;0;0;1;1;0,4660249;1
-1320;4;697;4;1,201998;0;0;0;0;1;1;0,4660249;1
-1320;4;698;4;1,200998;0;0;0;0;1;1;0,4660249;1
-1320;4;699;4;1,199998;0;0;0;0;1;1;0,4660249;1
-1320;4;700;4;1,198998;0;0;0;0;1;1;0,4660249;1
-1320;4;701;4;1,197998;0;0;0;0;1;1;0,4660249;1
-1320;4;702;4;1,196998;0;0;0;0;1;1;0,4660249;1
-1320;4;703;4;1,195998;0;0;0;0;1;1;0,4660249;1
-1320;4;704;4;1,194998;0;0;0;0;1;1;0,4660249;1
-1320;4;705;4;1,193998;0;0;0;0;1;1;0,4660249;1
-1320;4;706;4;1,192998;0;0;0;0;1;1;0,4660249;1
-1320;4;707;4;1,191998;0;0;0;0;1;1;0,4660249;1
-1320;4;708;4;1,190997;0;0;0;0;1;1;0,4660249;1
-1320;4;709;4;1,189997;0;0;0;0;1;1;0,4660249;1
-1320;4;710;4;1,188997;0;0;0;0;1;1;0,4660249;1
-1320;4;711;4;1,187997;0;0;0;0;1;1;0,4660249;1
-1320;4;712;4;1,186997;0;0;0;0;1;1;0,4660249;1
-1320;4;713;4;1,185997;0;0;0;0;1;1;0,4660249;1
-1320;4;714;4;1,184997;0;0;0;0;1;1;0,4660249;1
-1320;4;715;4;1,183997;0;0;0;0;1;1;0,4660249;1
-1320;4;716;4;1,182997;0;0;0;0;1;1;0,4660249;1
-1320;4;717;4;1,181997;0;0;0;0;1;1;0,4660249;1
-1320;4;718;4;1,180997;0;0;0;0;1;1;0,4660249;1
-1320;4;719;4;1,179997;0;0;0;0;1;1;0,4660249;1
-1320;4;720;4;1,178997;0;0;0;0;1;1;0,4660249;1
-1320;4;721;4;1,177997;0;0;0;0;1;1;0,4660249;1
-1320;4;722;4;1,176997;0;0;0;0;1;1;0,4660249;1
-1320;4;723;4;1,175997;0;0;0;0;1;1;0,4660249;1
-1320;4;724;4;1,174997;0;0;0;0;1;1;0,4660249;1
-1320;4;725;4;1,173997;0;0;0;0;1;1;0,4660249;1
-1320;4;726;4;1,172997;0;0;0;0;1;1;0,4660249;1
-1320;4;727;4;1,171997;0;0;0;0;1;1;0,4660249;1
-1320;4;728;4;1,170997;0;0;0;0;1;1;0,4660249;1
-1320;4;729;4;1,169997;0;0;0;0;1;1;0,4660249;1
-1320;4;730;4;1,168996;0;0;0;0;1;1;0,4660249;1
-1320;4;731;4;1,167996;0;0;0;0;1;1;0,4660249;1
-1320;4;732;4;1,166996;0;0;0;0;1;1;0,4660249;1
-1320;4;733;4;1,165996;0;0;0;0;1;1;0,4660249;1
-1320;4;734;4;1,164996;0;0;0;0;1;1;0,4660249;1
-1320;4;735;4;1,163996;0;0;0;0;1;1;0,4660249;1
-1320;4;736;4;1,162996;0;0;0;0;1;1;0,4660249;1
-1320;4;737;4;1,161996;0;0;0;0;1;1;0,4660249;1
-1320;4;738;4;1,160996;0;0;0;0;1;1;0,4660249;1
-1320;4;739;4;1,159996;0;0;0;0;1;1;0,4660249;1
-1320;4;740;4;1,158996;0;0;0;0;1;1;0,4660249;1
-1320;4;741;4;1,157996;0;0;0;0;1;1;0,4660249;1
-1320;4;742;4;1,156996;0;0;0;0;1;1;0,4660249;1
-1320;4;743;4;1,155996;0;0;0;0;1;1;0,4660249;1
-1320;4;744;4;1,154996;0;0;0;0;1;1;0,4660249;1
-1320;4;745;4;1,153996;0;0;0;0;1;1;0,4660249;1
-1320;4;746;4;1,152996;0;0;0;0;1;1;0,4660249;1
-1320;4;747;4;1,151996;0;0;0;0;1;1;0,4660249;1
-1320;4;748;4;1,150996;0;0;0;0;1;1;0,4660249;1
-1320;4;749;1;1,149996;0;0;0;0;1;1;0,4660249;1
-1320;4;750;1;1,148996;0;0;0;0;1;1;0,4660249;1
-1320;4;751;1;1,147995;0;0;0;0;1;1;0,4660249;1
-1320;4;752;1;1,146995;0;0;0;0;1;1;0,4660249;1
-1320;4;753;1;1,145995;0;0;0;0;1;1;0,4660249;1
-1320;4;754;4;1,144995;0;0;0;0;1;1;0,4660249;1
-1320;4;755;4;1,143995;0;0;0;0;1;1;0,4660249;1
-1320;4;756;4;1,142995;0;0;0;0;1;1;0,4660249;1
-1320;4;757;4;1,141995;0;0;0;0;1;1;0,4660249;1
-1320;4;758;4;1,140995;0;0;0;0;1;1;0,4660249;1
-1320;4;759;4;1,139995;0;0;0;0;1;1;0,4660249;1
-1320;4;760;4;1,138995;0;0;0;0;1;1;0,4660249;1
-1320;4;761;4;1,137995;0;0;0;0;1;1;0,4660249;1
-1320;4;762;4;1,136995;0;0;0;0;1;1;0,4660249;1
-1320;4;763;4;1,135995;0;0;0;0;1;1;0,4660249;1
-1320;4;764;1;1,134995;0;0;0;0;1;1;0,4660249;1
-1320;4;765;1;1,133995;0;0;0;0;1;1;0,4660249;1
-1320;4;766;1;1,132995;0;0;0;0;1;1;0,4660249;1
-1320;4;767;1;1,131995;0;0;0;0;1;1;0,4660249;1
-1320;4;768;1;1,130995;0;0;0;0;1;1;0,4660249;1
-1320;4;769;4;1,129995;0;0;0;0;1;1;0,4660249;1
-1320;4;770;4;1,128995;0;0;0;0;1;1;0,4660249;1
-1320;4;771;4;1,127995;0;0;0;0;1;1;0,4660249;1
-1320;4;772;4;1,126994;0;0;0;0;1;1;0,4660249;1
-1320;4;773;4;1,125994;0;0;0;0;1;1;0,4660249;1
-1320;4;774;4;1,124994;0;0;0;0;1;1;0,4660249;1
-1320;4;775;4;1,123994;0;0;0;0;1;1;0,4660249;1
-1320;4;776;4;1,122994;0;0;0;0;1;1;0,4660249;1
-1320;4;777;4;1,121994;0;0;0;0;1;1;0,4660249;1
-1320;4;778;4;1,120994;0;0;0;0;1;1;0,4660249;1
-1320;4;779;0;1,119994;0;0;0;0;1;1;0,4660249;1
-1320;4;780;0;1,118994;0;0;0;0;1;1;0,4660249;1
-1320;4;781;0;1,117994;0;0;0;0;1;1;0,4660249;1
-1320;4;782;0;1,116994;0;0;0;0;1;1;0,4660249;1
-1320;4;783;0;1,115994;0;0;0;0;1;1;0,4660249;1
-1320;4;784;4;1,114994;0;0;0;0;1;1;0,4660249;1
-1320;4;785;4;1,113994;0;0;0;0;1;1;0,4660249;1
-1320;4;786;4;1,112994;0;0;0;0;1;1;0,4660249;1
-1320;4;787;4;1,111994;0;0;0;0;1;1;0,4660249;1
-1320;4;788;4;1,110994;0;0;0;0;1;1;0,4660249;1
-1320;4;789;1;1,109994;0;0;0;0;1;1;0,4660249;1
-1320;4;790;1;1,108994;0;0;0;0;1;1;0,4660249;1
-1320;4;791;1;1,107994;0;0;0;0;1;1;0,4660249;1
-1320;4;792;1;1,106994;0;0;0;0;1;1;0,4660249;1
-1320;4;793;1;1,105994;0;0;0;0;1;1;0,4660249;1
-1320;4;794;4;1,104993;0;0;0;0;1;1;0,4660249;1
-1320;4;795;4;1,103993;0;0;0;0;1;1;0,4660249;1
-1320;4;796;4;1,102993;0;0;0;0;1;1;0,4660249;1
-1320;4;797;4;1,101993;0;0;0;0;1;1;0,4660249;1
-1320;4;798;4;1,100993;0;0;0;0;1;1;0,4660249;1
-1320;4;799;4;1,099993;0;0;0;0;1;1;0,4660249;1
-1320;4;800;4;1,098993;0;0;0;0;1;1;0,4660249;1
-1320;4;801;4;1,097993;0;0;0;0;1;1;0,4660249;1
-1320;4;802;4;1,096993;0;0;0;0;1;1;0,4660249;1
-1320;4;803;4;1,095993;0;0;0;0;1;1;0,4660249;1
-1320;4;804;4;1,094993;0;0;0;0;1;1;0,4660249;1
-1320;4;805;4;1,093993;0;0;0;0;1;1;0,4660249;1
-1320;4;806;4;1,092993;0;0;0;0;1;1;0,4660249;1
-1320;4;807;4;1,091993;0;0;0;0;1;1;0,4660249;1
-1320;4;808;4;1,090993;0;0;0;0;1;1;0,4660249;1
-1320;4;809;4;1,089993;0;0;0;0;1;1;0,4660249;1
-1320;4;810;4;1,088993;0;0;0;0;1;1;0,4660249;1
-1320;4;811;4;1,087993;0;0;0;0;1;1;0,4660249;1
-1320;4;812;4;1,086993;0;0;0;0;1;1;0,4660249;1
-1320;4;813;4;1,085993;0;0;0;0;1;1;0,4660249;1
-1320;4;814;4;1,084993;0;0;0;0;1;1;0,4660249;1
-1320;4;815;4;1,083992;0;0;0;0;1;1;0,4660249;1
-1320;4;816;4;1,082992;0;0;0;0;1;1;0,4660249;1
-1320;4;817;4;1,081992;0;0;0;0;1;1;0,4660249;1
-1320;4;818;4;1,080992;0;0;0;0;1;1;0,4660249;1
-1320;4;819;4;1,079992;0;0;0;0;1;1;0,4660249;1
-1320;4;820;4;1,078992;0;0;0;0;1;1;0,4660249;1
-1320;4;821;4;1,077992;0;0;0;0;1;1;0,4660249;1
-1320;4;822;4;1,076992;0;0;0;0;1;1;0,4660249;1
-1320;4;823;4;1,075992;0;0;0;0;1;1;0,4660249;1
-1320;4;824;4;1,074992;0;0;0;0;1;1;0,4660249;1
-1320;4;825;4;1,073992;0;0;0;0;1;1;0,4660249;1
-1320;4;826;4;1,072992;0;0;0;0;1;1;0,4660249;1
-1320;4;827;4;1,071992;0;0;0;0;1;1;0,4660249;1
-1320;4;828;4;1,070992;0;0;0;0;1;1;0,4660249;1
-1320;4;829;4;1,069992;0;0;0;0;1;1;0,4660249;1
-1320;4;830;4;1,068992;0;0;0;0;1;1;0,4660249;1
-1320;4;831;4;1,067992;0;0;0;0;1;1;0,4660249;1
-1320;4;832;4;1,066992;0;0;0;0;1;1;0,4660249;1
-1320;4;833;4;1,065992;0;0;0;0;1;1;0,4660249;1
-1320;4;834;4;1,064992;0;0;0;0;1;1;0,4660249;1
-1320;4;835;4;1,063992;0;0;0;0;1;1;0,4660249;1
-1320;4;836;4;1,062991;0;0;0;0;1;1;0,4660249;1
-1320;4;837;4;1,061991;0;0;0;0;1;1;0,4660249;1
-1320;4;838;4;1,060991;0;0;0;0;1;1;0,4660249;1
-1320;4;839;4;1,059991;0;0;0;0;1;1;0,4660249;1
-1320;4;840;4;1,058991;0;0;0;0;1;1;0,4660249;1
-1320;4;841;4;1,057991;0;0;0;0;1;1;0,4660249;1
-1320;4;842;4;1,056991;0;0;0;0;1;1;0,4660249;1
-1320;4;843;4;1,055991;0;0;0;0;1;1;0,4660249;1
-1320;4;844;4;1,054991;0;0;0;0;1;1;0,4660249;1
-1320;4;845;4;1,053991;0;0;0;0;1;1;0,4660249;1
-1320;4;846;4;1,052991;0;0;0;0;1;1;0,4660249;1
-1320;4;847;4;1,051991;0;0;0;0;1;1;0,4660249;1
-1320;4;848;4;1,050991;0;0;0;0;1;1;0,4660249;1
-1320;4;849;4;1,049991;0;0;0;0;1;1;0,4660249;1
-1320;4;850;4;1,048991;0;0;0;0;1;1;0,4660249;1
-1320;4;851;4;1,047991;0;0;0;0;1;1;0,4660249;1
-1320;4;852;4;1,046991;0;0;0;0;1;1;0,4660249;1
-1320;4;853;4;1,045991;0;0;0;0;1;1;0,4660249;1
-1320;4;854;4;1,044991;0;0;0;0;1;1;0,4660249;1
-1320;4;855;4;1,043991;0;0;0;0;1;1;0,4660249;1
-1320;4;856;4;1,042991;0;0;0;0;1;1;0,4660249;1
-1320;4;857;4;1,041991;0;0;0;0;1;1;0,4660249;1
-1320;4;858;4;1,04099;0;0;0;0;1;1;0,4660249;1
-1320;4;859;4;1,03999;0;0;0;0;1;1;0,4660249;1
-1320;4;860;4;1,03899;0;0;0;0;1;1;0,4660249;1
-1320;4;861;4;1,03799;0;0;0;0;1;1;0,4660249;1
-1320;4;862;4;1,03699;0;0;0;0;1;1;0,4660249;1
-1320;4;863;4;1,03599;0;0;0;0;1;1;0,4660249;1
-1320;4;864;4;1,03499;0;0;0;0;1;1;0,4660249;1
-1320;4;865;4;1,03399;0;0;0;0;1;1;0,4660249;1
-1320;4;866;4;1,03299;0;0;0;0;1;1;0,4660249;1
-1320;4;867;4;1,03199;0;0;0;0;1;1;0,4660249;1
-1320;4;868;4;1,03099;0;0;0;0;1;1;0,4660249;1
-1320;4;869;4;1,02999;0;0;0;0;1;1;0,4660249;1
-1320;4;870;4;1,02899;0;0;0;0;1;1;0,4660249;1
-1320;4;871;4;1,02799;0;0;0;0;1;1;0,4660249;1
-1320;4;872;4;1,02699;0;0;0;0;1;1;0,4660249;1
-1320;4;873;4;1,02599;0;0;0;0;1;1;0,4660249;1
-1320;4;874;4;1,02499;0;0;0;0;1;1;0,4660249;1
-1320;4;875;4;1,02399;0;0;0;0;1;1;0,4660249;1
-1320;4;876;4;1,02299;0;0;0;0;1;1;0,4660249;1
-1320;4;877;4;1,02199;0;0;0;0;1;1;0,4660249;1
-1320;4;878;4;1,02099;0;0;0;0;1;1;0,4660249;1
-1320;4;879;4;1,019989;0;0;0;0;1;1;0,4660249;1
-1320;4;880;4;1,018989;0;0;0;0;1;1;0,4660249;1
-1320;4;881;4;1,017989;0;0;0;0;1;1;0,4660249;1
-1320;4;882;4;1,016989;0;0;0;0;1;1;0,4660249;1
-1320;4;883;4;1,015989;0;0;0;0;1;1;0,4660249;1
-1320;4;884;4;1,014989;0;0;0;0;1;1;0,4660249;1
-1320;4;885;4;1,013989;0;0;0;0;1;1;0,4660249;1
-1320;4;886;4;1,012989;0;0;0;0;1;1;0,4660249;1
-1320;4;887;4;1,011989;0;0;0;0;1;1;0,4660249;1
-1320;4;888;4;1,010989;0;0;0;0;1;1;0,4660249;1
-1320;4;889;4;1,009989;0;0;0;0;1;1;0,4660249;1
-1320;4;890;4;1,008989;0;0;0;0;1;1;0,4660249;1
-1320;4;891;4;1,007989;0;0;0;0;1;1;0,4660249;1
-1320;4;892;4;1,006989;0;0;0;0;1;1;0,4660249;1
-1320;4;893;4;1,005989;0;0;0;0;1;1;0,4660249;1
-1320;4;894;1;1,004989;0;0;0;0;1;1;0,4660249;1
-1320;4;895;1;1,003989;0;0;0;0;1;1;0,4660249;1
-1320;4;896;1;1,002989;0;0;0;0;1;1;0,4660249;1
-1320;4;897;1;1,001989;0;0;0;0;1;1;0,4660249;1
-1320;4;898;1;1,000989;0;0;0;0;1;1;0,4660249;1
-1320;4;899;4;0,9999886;0;0;0;0;1;1;0,4660249;1
-1320;4;900;4;0,9989886;0;0;0;0;1;1;0,4660249;1
-1320;4;901;4;0,9979886;0;0;0;0;1;1;0,4660249;1
-1320;4;902;4;0,9969887;0;0;0;0;1;1;0,4660249;1
-1320;4;903;4;0,9959887;0;0;0;0;1;1;0,4660249;1
-1320;4;904;4;0,9949887;0;0;0;0;1;1;0,4660249;1
-1320;4;905;4;0,9939887;0;0;0;0;1;1;0,4660249;1
-1320;4;906;4;0,9929887;0;0;0;0;1;1;0,4660249;1
-1320;4;907;4;0,9919887;0;0;0;0;1;1;0,4660249;1
-1320;4;908;4;0,9909887;0;0;0;0;1;1;0,4660249;1
-1320;4;909;4;0,9899887;0;0;0;0;1;1;0,4660249;1
-1320;4;910;4;0,9889888;0;0;0;0;1;1;0,4660249;1
-1320;4;911;4;0,9879888;0;0;0;0;1;1;0,4660249;1
-1320;4;912;4;0,9869888;0;0;0;0;1;1;0,4660249;1
-1320;4;913;4;0,9859888;0;0;0;0;1;1;0,4660249;1
-1320;4;914;1;0,9849888;0;0;0;0;1;1;0,4660249;1
-1320;4;915;1;0,9839888;0;0;0;0;1;1;0,4660249;1
-1320;4;916;1;0,9829888;0;0;0;0;1;1;0,4660249;1
-1320;4;917;1;0,9819888;0;0;0;0;1;1;0,4660249;1
-1320;4;918;1;0,9809889;0;0;0;0;1;1;0,4660249;1
-1320;4;919;4;0,9799889;0;0;0;0;1;1;0,4660249;1
-1320;4;920;4;0,9789889;0;0;0;0;1;1;0,4660249;1
-1320;4;921;4;0,9779889;0;0;0;0;1;1;0,4660249;1
-1320;4;922;4;0,9769889;0;0;0;0;1;1;0,4660249;1
-1320;4;923;4;0,9759889;0;0;0;0;1;1;0,4660249;1
-1320;4;924;4;0,9749889;0;0;0;0;1;1;0,4660249;1
-1320;4;925;4;0,973989;0;0;0;0;1;1;0,4660249;1
-1320;4;926;4;0,972989;0;0;0;0;1;1;0,4660249;1
-1320;4;927;4;0,971989;0;0;0;0;1;1;0,4660249;1
-1320;4;928;4;0,970989;0;0;0;0;1;1;0,4660249;1
-1320;4;929;4;0,969989;0;0;0;0;1;1;0,4660249;1
-1320;4;930;4;0,968989;0;0;0;0;1;1;0,4660249;1
-1320;4;931;4;0,967989;0;0;0;0;1;1;0,4660249;1
-1320;4;932;4;0,966989;0;0;0;0;1;1;0,4660249;1
-1320;4;933;4;0,9659891;0;0;0;0;1;1;0,4660249;1
-1320;4;934;4;0,9649891;0;0;0;0;1;1;0,4660249;1
-1320;4;935;4;0,9639891;0;0;0;0;1;1;0,4660249;1
-1320;4;936;4;0,9629891;0;0;0;0;1;1;0,4660249;1
-1320;4;937;4;0,9619891;0;0;0;0;1;1;0,4660249;1
-1320;4;938;4;0,9609891;0;0;0;0;1;1;0,4660249;1
-1320;4;939;4;0,9599891;0;0;0;0;1;1;0,4660249;1
-1320;4;940;4;0,9589891;0;0;0;0;1;1;0,4660249;1
-1320;4;941;4;0,9579892;0;0;0;0;1;1;0,4660249;1
-1320;4;942;4;0,9569892;0;0;0;0;1;1;0,4660249;1
-1320;4;943;4;0,9559892;0;0;0;0;1;1;0,4660249;1
-1320;4;944;4;0,9549892;0;0;0;0;1;1;0,4660249;1
-1320;4;945;4;0,9539892;0;0;0;0;1;1;0,4660249;1
-1320;4;946;4;0,9529892;0;0;0;0;1;1;0,4660249;1
-1320;4;947;4;0,9519892;0;0;0;0;1;1;0,4660249;1
-1320;4;948;4;0,9509892;0;0;0;0;1;1;0,4660249;1
-1320;4;949;4;0,9499893;0;0;0;0;1;1;0,4660249;1
-1320;4;950;4;0,9489893;0;0;0;0;1;1;0,4660249;1
-1320;4;951;4;0,9479893;0;0;0;0;1;1;0,4660249;1
-1320;4;952;4;0,9469893;0;0;0;0;1;1;0,4660249;1
-1320;4;953;4;0,9459893;0;0;0;0;1;1;0,4660249;1
-1320;4;954;1;0,9449893;0;0;0;0;1;1;0,4660249;1
-1320;4;955;1;0,9439893;0;0;0;0;1;1;0,4660249;1
-1320;4;956;1;0,9429893;0;0;0;0;1;1;0,4660249;1
-1320;4;957;1;0,9419894;0;0;0;0;1;1;0,4660249;1
-1320;4;958;1;0,9409894;0;0;0;0;1;1;0,4660249;1
-1320;4;959;0;0,9399894;0;0;0;0;1;1;0,4660249;1
-1320;4;960;0;0,9389894;0;0;0;0;1;1;0,4660249;1
-1320;4;961;0;0,9379894;0;0;0;0;1;1;0,4660249;1
-1320;4;962;0;0,9369894;0;0;0;0;1;1;0,4660249;1
-1320;4;963;0;0,9359894;0;0;0;0;1;1;0,4660249;1
-1320;4;964;4;0,9349895;0;0;0;0;1;1;0,4660249;1
-1320;4;965;4;0,9339895;0;0;0;0;1;1;0,4660249;1
-1320;4;966;4;0,9329895;0;0;0;0;1;1;0,4660249;1
-1320;4;967;4;0,9319895;0;0;0;0;1;1;0,4660249;1
-1320;4;968;4;0,9309895;0;0;0;0;1;1;0,4660249;1
-1320;4;969;4;0,9299895;0;0;0;0;1;1;0,4660249;1
-1320;4;970;4;0,9289895;0;0;0;0;1;1;0,4660249;1
-1320;4;971;4;0,9279895;0;0;0;0;1;1;0,4660249;1
-1320;4;972;4;0,9269896;0;0;0;0;1;1;0,4660249;1
-1320;4;973;4;0,9259896;0;0;0;0;1;1;0,4660249;1
-1320;4;974;4;0,9249896;0;0;0;0;1;1;0,4660249;1
-1320;4;975;4;0,9239896;0;0;0;0;1;1;0,4660249;1
-1320;4;976;4;0,9229896;0;0;0;0;1;1;0,4660249;1
-1320;4;977;4;0,9219896;0;0;0;0;1;1;0,4660249;1
-1320;4;978;4;0,9209896;0;0;0;0;1;1;0,4660249;1
-1320;4;979;4;0,9199896;0;0;0;0;1;1;0,4660249;1
-1320;4;980;4;0,9189897;0;0;0;0;1;1;0,4660249;1
-1320;4;981;4;0,9179897;0;0;0;0;1;1;0,4660249;1
-1320;4;982;4;0,9169897;0;0;0;0;1;1;0,4660249;1
-1320;4;983;4;0,9159897;0;0;0;0;1;1;0,4660249;1
-1320;4;984;4;0,9149897;0;0;0;0;1;1;0,4660249;1
-1320;4;985;4;0,9139897;0;0;0;0;1;1;0,4660249;1
-1320;4;986;4;0,9129897;0;0;0;0;1;1;0,4660249;1
-1320;4;987;4;0,9119897;0;0;0;0;1;1;0,4660249;1
-1320;4;988;4;0,9109898;0;0;0;0;1;1;0,4660249;1
-1320;4;989;0;0,9099898;0;0;0;0;1;1;0,4660249;1
-1320;4;990;0;0,9089898;0;0;0;0;1;1;0,4660249;1
-1320;4;991;0;0,9079898;0;0;0;0;1;1;0,4660249;1
-1320;4;992;0;0,9069898;0;0;0;0;1;1;0,4660249;1
-1320;4;993;0;0,9059898;0;0;0;0;1;1;0,4660249;1
-1320;4;994;4;0,9049898;0;0;0;0;1;1;0,4660249;1
-1320;4;995;4;0,9039899;0;0;0;0;1;1;0,4660249;1
-1320;4;996;4;0,9029899;0;0;0;0;1;1;0,4660249;1
-1320;4;997;4;0,9019899;0;0;0;0;1;1;0,4660249;1
-1320;4;998;4;0,9009899;0;0;0;0;1;1;0,4660249;1
-1320;4;999;4;0,8999899;0;0;0;0;1;1;0,4660249;1
-1320;4;1000;4;0,8989899;0;0;0;0;1;1;0,4660249;1
-1320;4;1001;4;0,8979899;0;0;0;0;1;1;0,4660249;1
-1320;4;1002;4;0,8969899;0;0;0;0;1;1;0,4660249;1
-1320;4;1003;4;0,89599;0;0;0;0;1;1;0,4660249;1
-1320;4;1004;4;0,89499;0;0;0;0;1;1;0,4660249;1
-1320;4;1005;4;0,89399;0;0;0;0;1;1;0,4660249;1
-1320;4;1006;4;0,89299;0;0;0;0;1;1;0,4660249;1
-1320;4;1007;4;0,89199;0;0;0;0;1;1;0,4660249;1
-1320;4;1008;4;0,89099;0;0;0;0;1;1;0,4660249;1
-1320;4;1009;4;0,88999;0;0;0;0;1;1;0,4660249;1
-1320;4;1010;4;0,88899;0;0;0;0;1;1;0,4660249;1
-1320;4;1011;4;0,8879901;0;0;0;0;1;1;0,4660249;1
-1320;4;1012;4;0,8869901;0;0;0;0;1;1;0,4660249;1
-1320;4;1013;4;0,8859901;0;0;0;0;1;1;0,4660249;1
-1320;4;1014;4;0,8849901;0;0;0;0;1;1;0,4660249;1
-1320;4;1015;4;0,8839901;0;0;0;0;1;1;0,4660249;1
-1320;4;1016;4;0,8829901;0;0;0;0;1;1;0,4660249;1
-1320;4;1017;4;0,8819901;0;0;0;0;1;1;0,4660249;1
-1320;4;1018;4;0,8809901;0;0;0;0;1;1;0,4660249;1
-1320;4;1019;1;0,8799902;0;0;0;0;1;1;0,4660249;1
-1320;4;1020;1;0,8789902;0;0;0;0;1;1;0,4660249;1
-1320;4;1021;1;0,8779902;0;0;0;0;1;1;0,4660249;1
-1320;4;1022;1;0,8769902;0;0;0;0;1;1;0,4660249;1
-1320;4;1023;1;0,8759902;0;0;0;0;1;1;0,4660249;1
-1320;4;1024;4;0,8749902;0;0;0;0;1;1;0,4660249;1
-1320;4;1025;4;0,8739902;0;0;0;0;1;1;0,4660249;1
-1320;4;1026;4;0,8729903;0;0;0;0;1;1;0,4660249;1
-1320;4;1027;4;0,8719903;0;0;0;0;1;1;0,4660249;1
-1320;4;1028;4;0,8709903;0;0;0;0;1;1;0,4660249;1
-1320;4;1029;4;0,8699903;0;0;0;0;1;1;0,4660249;1
-1320;4;1030;4;0,8689903;0;0;0;0;1;1;0,4660249;1
-1320;4;1031;4;0,8679903;0;0;0;0;1;1;0,4660249;1
-1320;4;1032;4;0,8669903;0;0;0;0;1;1;0,4660249;1
-1320;4;1033;4;0,8659903;0;0;0;0;1;1;0,4660249;1
-1320;4;1034;4;0,8649904;0;0;0;0;1;1;0,4660249;1
-1320;4;1035;4;0,8639904;0;0;0;0;1;1;0,4660249;1
-1320;4;1036;4;0,8629904;0;0;0;0;1;1;0,4660249;1
-1320;4;1037;4;0,8619904;0;0;0;0;1;1;0,4660249;1
-1320;4;1038;4;0,8609904;0;0;0;0;1;1;0,4660249;1
-1320;4;1039;4;0,8599904;0;0;0;0;1;1;0,4660249;1
-1320;5;0;0;-0,001;0;0;0;1;0,3856939;1;0,05462626;1
-1320;5;1;0;-0,002;0;0;0;1;0,3856939;1;0,05462626;1
-1320;5;2;0;-0,003;0;0;0;1;0,3856939;1;0,05462626;1
-1320;5;3;0;-0,004;0;0;0;1;0,3856939;1;0,05462626;1
-1320;5;4;4;-0,005;0;0;0;1;0,3856939;1;0,05462626;1
-1320;5;5;4;-0,006000001;0;0;0;1;0,3856939;1;0,05462626;1
-1320;5;6;4;-0,007000001;0;0;0;1;0,3856939;1;0,05462626;1
-1320;5;7;4;-0,008;0;0;0;1;0,3856939;1;0,05462626;1
-1320;5;8;4;-0,009000001;0;0;0;1;0,3856939;1;0,05462626;1
-1320;5;9;1;-0,01;0;0;0;1;0,3856939;1;0,05462626;1
-1320;5;10;1;-0,011;0;0;0;1;0,3856797;1;0,05463901;1
-1320;5;11;1;-0,012;0;0;0;1;0,3856333;1;0,05468072;1
-1320;5;12;1;-0,013;0;0;0;1;0,3855525;1;0,05475331;1
-1320;5;13;1;-0,014;0;0;0;1;0,3854487;1;0,05484663;1
-1320;5;14;1;-0,015;0;0;0;1;0,3853044;1;0,05497642;1
-1320;5;15;1;-0,016;0;0;0;1;0,385134;1;0,05512968;1
-1320;5;16;1;-0,017;0;0;0;1;0,3849376;1;0,05530661;1
-1320;5;17;1;-0,018;0;0;0;1;0,384701;1;0,05551977;1
-1320;5;18;1;-0,019;0;0;0;1;0,3844034;1;0,0557883;1
-1320;5;19;4;-0,02;0;0;0;1;0,3841078;1;0,05605526;1
-1320;5;20;4;-0,021;0;0;0;1;0,3837764;1;0,05635486;1
-1320;5;21;4;-0,022;0;0;0;1;0,383425;1;0,05667294;1
-1320;5;22;4;-0,023;0;0;0;1;0,3830124;1;0,05704703;1
-1320;5;23;4;-0,024;0;0;0;1;0,3825696;1;0,05744898;1
-1320;5;24;1;-0,025;0;0;0;1;0,3821025;1;0,05787362;1
-1320;5;25;1;-0,026;0;0;0;1;0,3816003;1;0,05833098;1
-1320;5;26;1;-0,027;0;0;0;1;0,3811504;1;0,05874127;1
-1320;5;27;1;-0,028;0;0;0;1;0,3805136;1;0,05932302;1
-1320;5;28;1;-0,029;0;0;0;1;0,3799208;1;0,0598655;1
-1320;5;29;1;-0,03;0;0;0;1;0,3793033;1;0,06043173;1
-1320;5;30;1;-0,031;0;0;0;1;0,3787239;1;0,0609639;1
-1320;5;31;1;-0,032;0;0;0;1;0,3779925;1;0,06163688;1
-1320;5;32;1;-0,033;0;0;0;1;0,3772635;1;0,06230893;1
-1320;5;33;1;-0,034;0;0;0;1;0,3765833;1;0,06293714;1
-1320;5;34;1;-0,035;0;0;0;1;0,3759153;1;0,06355514;1
-1320;5;35;1;-0,03599999;0;0;0;1;0,3751824;1;0,06423428;1
-1320;5;36;1;-0,03699999;0;0;0;1;0,3744953;1;0,06487212;1
-1320;5;37;1;-0,03799999;0;0;0;1;0,3738148;1;0,06550479;1
-1320;5;38;1;-0,03899999;0;0;0;1;0,3731446;1;0,06612887;1
-1320;5;39;1;-0,03999999;0;0;0;1;0,3723519;1;0,06686807;1
-1320;5;40;1;-0,04099999;0;0;0;1;0,3716634;1;0,06751118;1
-1320;5;41;1;-0,04199998;0;0;0;1;0,3709805;1;0,06814987;1
-1320;5;42;1;-0,04299998;0;0;0;1;0,3702647;1;0,06882019;1
-1320;5;43;1;-0,04399998;0;0;0;1;0,3695486;1;0,06949182;1
-1320;5;44;4;-0,04499998;0;0;0;1;0,3689597;1;0,0700448;1
-1320;5;45;4;-0,04599998;0;0;0;1;0,3681551;1;0,07080123;1
-1320;5;46;4;-0,04699998;0;0;0;1;0,3675517;1;0,07136923;1
-1320;5;47;4;-0,04799997;0;0;0;1;0,3668446;1;0,07203553;1
-1320;5;48;4;-0,04899997;0;0;0;1;0,3661338;1;0,07270599;1
-1320;5;49;1;-0,04999997;0;0;0;1;0,3654529;1;0,07334915;1
-1320;5;50;1;-0,05099997;0;0;0;1;0,3647231;1;0,07403918;1
-1320;5;51;1;-0,05199997;0;0;0;1;0,3640126;1;0,07471167;1
-1320;5;52;1;-0,05299997;0;0;0;1;0,3632935;1;0,07539304;1
-1320;5;53;1;-0,05399996;0;0;0;1;0,36257;1;0,07607926;1
-1320;5;54;1;-0,05499996;0;0;0;1;0,3619411;1;0,07667628;1
-1320;5;55;1;-0,05599996;0;0;0;1;0,3612173;1;0,077364;1
-1320;5;56;1;-0,05699996;0;0;0;1;0,3604825;1;0,07806294;1
-1320;5;57;1;-0,05799996;0;0;0;1;0,3598842;1;0,07863247;1
-1320;5;58;1;-0,05899996;0;0;0;1;0,3591623;1;0,07932025;1
-1320;5;59;1;-0,05999995;0;0;0;1;0,3584343;1;0,08001443;1
-1320;5;60;1;-0,06099995;0;0;0;1;0,3577388;1;0,08067829;1
-1320;5;61;1;-0,06199995;0;0;0;1;0,3570386;1;0,08134706;1
-1320;5;62;1;-0,06299995;0;0;0;1;0,356362;1;0,08199375;1
-1320;5;63;1;-0,06399995;0;0;0;1;0,3557408;1;0,08258799;1
-1320;5;64;1;-0,06499995;0;0;0;1;0,3549251;1;0,08336884;1
-1320;5;65;1;-0,06599995;0;0;0;1;0,3542705;1;0,08399595;1
-1320;5;66;1;-0,06699996;0;0;0;1;0,353489;1;0,08474524;1
-1320;5;67;1;-0,06799996;0;0;0;1;0,3527589;1;0,08544574;1
-1320;5;68;1;-0,06899996;0;0;0;1;0,352146;1;0,08603413;1
-1320;5;69;1;-0,06999996;0;0;0;1;0,3514306;1;0,0867214;1
-1320;5;70;1;-0,07099997;0;0;0;1;0,350689;1;0,08743436;1
-1320;5;71;1;-0,07199997;0;0;0;1;0,3499718;1;0,08812423;1
-1320;5;72;1;-0,07299997;0;0;0;1;0,3493337;1;0,08873845;1
-1320;5;73;1;-0,07399997;0;0;0;1;0,3485563;1;0,08948714;1
-1320;5;74;1;-0,07499997;0;0;0;1;0,3479506;1;0,09007085;1
-1320;5;75;1;-0,07599998;0;0;0;1;0,3472441;1;0,09075202;1
-1320;5;76;1;-0,07699998;0;0;0;1;0,3464608;1;0,09150778;1
-1320;5;77;1;-0,07799998;0;0;0;1;0,3457748;1;0,09216996;1
-1320;5;78;1;-0,07899998;0;0;0;1;0,3450698;1;0,09285085;1
-1320;5;79;1;-0,07999998;0;0;0;1;0,3443934;1;0,09350446;1
-1320;5;80;1;-0,08099999;0;0;0;1;0,3437059;1;0,09416917;1
-1320;5;81;1;-0,08199999;0;0;0;1;0,3429637;1;0,09488712;1
-1320;5;82;1;-0,08299999;0;0;0;1;0,3423176;1;0,09551243;1
-1320;5;83;1;-0,08399999;0;0;0;1;0,3415812;1;0,0962254;1
-1320;5;84;1;-0,08499999;0;0;0;1;0,3408968;1;0,09688838;1
-1320;5;85;1;-0,086;0;0;0;1;0,3401913;1;0,09757208;1
-1320;5;86;1;-0,087;0;0;0;1;0,3394736;1;0,09826794;1
-1320;5;87;1;-0,088;0;0;0;1;0,3387861;1;0,09893481;1
-1320;5;88;1;-0,089;0;0;0;1;0,3381443;1;0,09955757;1
-1320;5;89;4;-0,09;0;0;0;1;0,3373726;1;0,1003068;1
